PRAGMA foreign_keys=OFF;
BEGIN TRANSACTION;
CREATE TABLE IF NOT EXISTS "migrations" ("id" integer PRIMARY KEY AUTOINCREMENT NOT NULL, "timestamp" bigint NOT NULL, "name" varchar NOT NULL);
INSERT INTO migrations VALUES(1,1726819009460,'NewMigration1726819009460');
INSERT INTO migrations VALUES(2,1727084330217,'NewMigration21727084330217');
INSERT INTO migrations VALUES(3,1728272667764,'NewMigration31728272667764');
INSERT INTO migrations VALUES(4,1731639831462,'RenameMaterialToChemical1731639831462');
INSERT INTO migrations VALUES(5,1731643777824,'AddTableInstrument1731643777824');
INSERT INTO migrations VALUES(6,1732087709882,'EntitiesUser1732087709882');
INSERT INTO migrations VALUES(7,1732615761778,'Instrument1732615761778');
INSERT INTO migrations VALUES(8,1732616968614,'InstrumentAddtype1732616968614');
INSERT INTO migrations VALUES(9,1732688227816,'EquipmentType1732688227816');
INSERT INTO migrations VALUES(10,1732701487289,'Sample1732701487289');
INSERT INTO migrations VALUES(11,1732758756362,'Form1732758756362');
INSERT INTO migrations VALUES(12,1733150267983,'ChangTechniqueCategory1733150267983');
INSERT INTO migrations VALUES(13,1733212641016,'RemoveForm1733212641016');
INSERT INTO migrations VALUES(14,1733215810935,'Formtosample1733215810935');
INSERT INTO migrations VALUES(15,1733286963208,'Setnullablesample1733286963208');
INSERT INTO migrations VALUES(16,1733714260278,'Smapledeleterelation1733714260278');
INSERT INTO migrations VALUES(17,1734053525516,'RelationexperimentAndMeasurement1734053525516');
INSERT INTO migrations VALUES(18,1734065508135,'ChemicalDescNullableTrue1734065508135');
INSERT INTO migrations VALUES(19,1734338364750,'ExperimentEquipmentType1734338364750');
INSERT INTO migrations VALUES(20,1734338555764,'ExperimentEquipmentType1734338555764');
INSERT INTO migrations VALUES(21,1734343610461,'ExperimentInstrument1734343610461');
INSERT INTO migrations VALUES(22,1734405148479,'User1734405148479');
INSERT INTO migrations VALUES(23,1734405747340,'User1734405747340');
INSERT INTO migrations VALUES(24,1734406980423,'User1734406980423');
INSERT INTO migrations VALUES(25,1734408521283,'User1734408521283');
INSERT INTO migrations VALUES(26,1734408715061,'User1734408715061');
INSERT INTO migrations VALUES(27,1734420309372,'ExperimentUnique1734420309372');
INSERT INTO migrations VALUES(28,1734491976405,'Measurement1734491976405');
INSERT INTO migrations VALUES(29,1734861089405,'MeasurementEntityJson1734861089405');
INSERT INTO migrations VALUES(30,1734861457450,'MeasurementEntityJson1734861457450');
INSERT INTO migrations VALUES(31,1734924931075,'MeasurementSignalTDS1734924931075');
INSERT INTO migrations VALUES(32,1734925737167,'MeasurementSignalTDS1734925737167');
INSERT INTO migrations VALUES(33,1734926268701,'MeasurementSignalRAMAN1734926268701');
INSERT INTO migrations VALUES(34,1735185153628,'DownloadRelation1735185153628');
INSERT INTO migrations VALUES(35,1735186069259,'DownloadRelation1735186069259');
CREATE TABLE IF NOT EXISTS "material" ("id" varchar PRIMARY KEY NOT NULL, "name" varchar NOT NULL, "description" varchar NOT NULL, CONSTRAINT "UQ_c1cd67c1666f87e5151dcfa9f23" UNIQUE ("name"));
CREATE TABLE IF NOT EXISTS "organization" ("id" varchar PRIMARY KEY NOT NULL, "name" varchar NOT NULL, "description" varchar NOT NULL, "contact" varchar NOT NULL, CONSTRAINT "UQ_28639366e2fa1aefe6b80b42be9" UNIQUE ("name"));
INSERT INTO organization VALUES('5a34ed34-6db2-4a22-a4b3-777dc300391e','nectec','','');
CREATE TABLE IF NOT EXISTS "equipment_type" ("id" varchar PRIMARY KEY NOT NULL, "name" varchar NOT NULL, "description" varchar NOT NULL, CONSTRAINT "UQ_ce2b5e7a7ca480169494f39fad5" UNIQUE ("name"));
INSERT INTO equipment_type VALUES('1887b7b3-ab59-4166-a214-8e3ac6b8a503','portable','');
INSERT INTO equipment_type VALUES('cfa96dad-5a28-4b63-9c5a-e0c9aaf3fa4f','benchtop','');
CREATE TABLE IF NOT EXISTS "instrument" ("id" varchar PRIMARY KEY NOT NULL, "name" varchar NOT NULL, "description" varchar NOT NULL, "techniqueId" varchar, "equipmentTypeId" varchar, CONSTRAINT "UQ_efda620b8e7e274a712072e2afb" UNIQUE ("name"), CONSTRAINT "FK_bef2514b9129dca013689f6ea23" FOREIGN KEY ("techniqueId") REFERENCES "technique" ("id") ON DELETE NO ACTION ON UPDATE NO ACTION, CONSTRAINT "FK_064845caa32df6420c2324563ee" FOREIGN KEY ("equipmentTypeId") REFERENCES "equipment_type" ("id") ON DELETE NO ACTION ON UPDATE NO ACTION);
INSERT INTO instrument VALUES('1364d743-2510-4779-9d1c-a7fb11dc5c8d','toptica','','0057fb27-01a0-44df-81f5-cacbedc930f0','cfa96dad-5a28-4b63-9c5a-e0c9aaf3fa4f');
INSERT INTO instrument VALUES('166673c1-387a-44fb-993c-87b72b1dde0f','bruker 80v','','65e022bc-4c15-4ed7-a4bb-e22765a41560','cfa96dad-5a28-4b63-9c5a-e0c9aaf3fa4f');
INSERT INTO instrument VALUES('18947676-397d-432b-8b1c-b3b393280b0c','renishaw','','8a540de6-64ae-4879-bd85-e8b2311493b8','cfa96dad-5a28-4b63-9c5a-e0c9aaf3fa4f');
INSERT INTO instrument VALUES('81a43447-00f6-4746-b39c-c6287ded1ad3','bwTek','','8a540de6-64ae-4879-bd85-e8b2311493b8','1887b7b3-ab59-4166-a214-8e3ac6b8a503');
INSERT INTO instrument VALUES('f2722f97-06a8-4d50-b557-72b022f9a7a8','metrohm','','8a540de6-64ae-4879-bd85-e8b2311493b8','1887b7b3-ab59-4166-a214-8e3ac6b8a503');
CREATE TABLE IF NOT EXISTS "form" ("id" varchar PRIMARY KEY NOT NULL, "name" varchar NOT NULL, "description" varchar NOT NULL, CONSTRAINT "UQ_e2b5265b1797dcc0f22ad187985" UNIQUE ("name"));
INSERT INTO form VALUES('f46f36dc-609d-44b7-ac9b-2bd5554f624a','powder','');
INSERT INTO form VALUES('76ab691d-8aea-4889-830f-9ab62b3861f5','solid','');
INSERT INTO form VALUES('7fb779f3-74fc-48fb-86c5-77b1a2d02ce1','liquid','');
CREATE TABLE IF NOT EXISTS "technique" ("id" varchar PRIMARY KEY NOT NULL, "name" varchar NOT NULL, "description" varchar NOT NULL, CONSTRAINT "UQ_5d139614e54288d7c6028b95658" UNIQUE ("name"));
INSERT INTO technique VALUES('8a540de6-64ae-4879-bd85-e8b2311493b8','raman','');
INSERT INTO technique VALUES('0057fb27-01a0-44df-81f5-cacbedc930f0','tds','time-domain spectroscopy');
INSERT INTO technique VALUES('65e022bc-4c15-4ed7-a4bb-e22765a41560','ftir','');
CREATE TABLE IF NOT EXISTS "category" ("id" varchar PRIMARY KEY NOT NULL, "name" varchar NOT NULL, "description" varchar NOT NULL, CONSTRAINT "UQ_05b0f0a0941211bd58a019b5bc3" UNIQUE ("name"));
INSERT INTO category VALUES('5f2275c0-a85b-4f37-8dde-826cbc33467c','indicator','');
INSERT INTO category VALUES('dba64755-be62-4483-a24d-6af84e6e8e87','forensic','');
INSERT INTO category VALUES('623227e3-5a05-4612-87bd-26bdc3ab3151','pesticide','');
INSERT INTO category VALUES('2f5b1d46-2b9a-4072-9ee5-c7f5fadbb589','antibiotic','');
INSERT INTO category VALUES('79d6560e-d2d9-4dfd-ba01-7c5f467a302e','medical','');
INSERT INTO category VALUES('12b3359b-1d0e-44b2-b7bd-203dbb942f76','material','');
INSERT INTO category VALUES('1f377041-ed68-4e50-b0fe-3c8517a4cc4d','food','');
INSERT INTO category VALUES('e9066630-37be-467b-b55e-159b2c5e29ae','industry','');
INSERT INTO category VALUES('8428c71d-6650-4d73-9a66-6d5900f98f22','biorefinery','');
CREATE TABLE IF NOT EXISTS "sample" ("id" varchar PRIMARY KEY NOT NULL, "name" varchar NOT NULL, "description" varchar, "source" varchar, "note" varchar, "attachments" json NOT NULL, "images" json NOT NULL, "create_at" datetime NOT NULL DEFAULT (datetime('now')), "update_at" datetime DEFAULT (datetime('now')), "organizationId" varchar, "chemicalId" varchar, "categoryId" varchar, "formId" varchar, CONSTRAINT "UQ_7c453dce19d37ae0e4ecbd10709" UNIQUE ("name"), CONSTRAINT "FK_460349e27a26afd588e6154f457" FOREIGN KEY ("chemicalId") REFERENCES "chemical" ("id") ON DELETE NO ACTION ON UPDATE NO ACTION, CONSTRAINT "FK_885ee312ba08566765412f5c246" FOREIGN KEY ("categoryId") REFERENCES "category" ("id") ON DELETE NO ACTION ON UPDATE NO ACTION, CONSTRAINT "FK_9424e423b6997d95cffcb149a69" FOREIGN KEY ("formId") REFERENCES "form" ("id") ON DELETE NO ACTION ON UPDATE NO ACTION, CONSTRAINT "FK_9855ae6df5fcd0db02a2eb33104" FOREIGN KEY ("organizationId") REFERENCES "organization" ("id") ON DELETE NO ACTION ON UPDATE NO ACTION);
INSERT INTO sample VALUES('36a7c5fa-2cb4-4134-b2df-e2aa5130dbd8','4-MBA','des',NULL,NULL,'[]','[]','2024-12-09 04:17:57','2024-12-13 03:09:59','5a34ed34-6db2-4a22-a4b3-777dc300391e','2274b895-d99e-4ac0-8cd3-f6bf5e51882d','5f2275c0-a85b-4f37-8dde-826cbc33467c','76ab691d-8aea-4889-830f-9ab62b3861f5');
INSERT INTO sample VALUES('d48aec3c-2f54-4853-9d3c-af8d5664680f','crystal violet',NULL,NULL,NULL,'[]','[]','2024-12-13 03:18:31','2024-12-13 03:18:31','5a34ed34-6db2-4a22-a4b3-777dc300391e','b8953515-0cb4-446a-b3c4-a8e2755c990b','5f2275c0-a85b-4f37-8dde-826cbc33467c','76ab691d-8aea-4889-830f-9ab62b3861f5');
INSERT INTO sample VALUES('045f72ec-5295-4ca2-b097-9eb2a8cd48e5','r6g',NULL,NULL,NULL,'[]','[]','2024-12-13 03:19:35','2024-12-13 03:19:35','5a34ed34-6db2-4a22-a4b3-777dc300391e','1c7c278f-741e-4e8c-bdd4-df069db0eee2','5f2275c0-a85b-4f37-8dde-826cbc33467c','76ab691d-8aea-4889-830f-9ab62b3861f5');
INSERT INTO sample VALUES('d99f7860-8247-43a6-a393-8f11e125b192','citric acid',NULL,NULL,NULL,'[]','[]','2024-12-13 03:20:10','2024-12-13 03:20:10','5a34ed34-6db2-4a22-a4b3-777dc300391e','3b71accb-6c5e-4fa7-bee2-baaf0b4ac432','5f2275c0-a85b-4f37-8dde-826cbc33467c','f46f36dc-609d-44b7-ac9b-2bd5554f624a');
INSERT INTO sample VALUES('27eb2cc7-5bc3-41a8-a904-e154843d7d0f','r6g (1×10-5 m)',NULL,NULL,NULL,'[]','[]','2024-12-13 03:20:47','2024-12-13 03:20:47','5a34ed34-6db2-4a22-a4b3-777dc300391e','269b9c52-90b6-4bb3-8fb8-119b8f687b52','5f2275c0-a85b-4f37-8dde-826cbc33467c','7fb779f3-74fc-48fb-86c5-77b1a2d02ce1');
INSERT INTO sample VALUES('31bc7499-8a7d-4a89-be22-da2ba9048f96','cbd (100 ppm)',NULL,NULL,NULL,'[]','[]','2024-12-13 03:25:10','2024-12-13 03:25:10','5a34ed34-6db2-4a22-a4b3-777dc300391e','68adfa3d-8176-49cc-8ed1-e2b06a3faa42','dba64755-be62-4483-a24d-6af84e6e8e87','7fb779f3-74fc-48fb-86c5-77b1a2d02ce1');
INSERT INTO sample VALUES('3306fc9e-e310-4e85-96bb-ad9e7d749a4e','cbn (100 ppm)',NULL,NULL,NULL,'[]','[]','2024-12-13 03:25:42','2024-12-13 03:25:42','5a34ed34-6db2-4a22-a4b3-777dc300391e','f2187408-0f7d-4863-9265-20c709231c8a','dba64755-be62-4483-a24d-6af84e6e8e87','7fb779f3-74fc-48fb-86c5-77b1a2d02ce1');
INSERT INTO sample VALUES('fdc6fcbf-616f-4b2c-b2dc-040cdee12bd9','thc (100 ppm)',NULL,NULL,NULL,'[]','[]','2024-12-13 03:26:00','2024-12-13 03:26:00','5a34ed34-6db2-4a22-a4b3-777dc300391e','2a64a255-4080-42bf-bf88-1da854a36009','dba64755-be62-4483-a24d-6af84e6e8e87','7fb779f3-74fc-48fb-86c5-77b1a2d02ce1');
INSERT INTO sample VALUES('0dba1c26-608a-4df3-a6ac-3a9963b19c5e','thc (10 ppm)',NULL,NULL,NULL,'[]','[]','2024-12-13 03:26:19','2024-12-13 03:26:19','5a34ed34-6db2-4a22-a4b3-777dc300391e','70595b36-bbec-47de-9ae2-250ba208806c','dba64755-be62-4483-a24d-6af84e6e8e87','7fb779f3-74fc-48fb-86c5-77b1a2d02ce1');
INSERT INTO sample VALUES('6278bfdf-981e-4d66-b796-a4de01f948af','cbn (1 ppm)',NULL,NULL,NULL,'[]','[]','2024-12-13 03:26:46','2024-12-13 03:26:46','5a34ed34-6db2-4a22-a4b3-777dc300391e','61ed2d83-64da-488b-ad44-b8bb3731022a','dba64755-be62-4483-a24d-6af84e6e8e87','7fb779f3-74fc-48fb-86c5-77b1a2d02ce1');
INSERT INTO sample VALUES('d3523b9c-63bb-4f85-9d8f-265d2888b360','cbn (0.5 ppm)',NULL,NULL,NULL,'[]','[]','2024-12-13 03:27:50','2024-12-13 03:27:50','5a34ed34-6db2-4a22-a4b3-777dc300391e','febb87bf-e357-4464-ba6c-9807135bed59','dba64755-be62-4483-a24d-6af84e6e8e87','7fb779f3-74fc-48fb-86c5-77b1a2d02ce1');
INSERT INTO sample VALUES('4627219d-7a86-47d1-a8f0-3bbb43eea20e','cbn (0.25 ppm)',NULL,NULL,NULL,'[]','[]','2024-12-13 03:28:10','2024-12-13 03:28:10','5a34ed34-6db2-4a22-a4b3-777dc300391e','d3a2bfc5-40a6-4f89-b181-4e87f79251ee','dba64755-be62-4483-a24d-6af84e6e8e87','7fb779f3-74fc-48fb-86c5-77b1a2d02ce1');
INSERT INTO sample VALUES('1e518afa-ed49-46b6-a6f4-8d5f090cfd38','paraquat (1×10-1 m)',NULL,NULL,NULL,'[]','[]','2024-12-13 03:31:07','2024-12-13 03:31:07','5a34ed34-6db2-4a22-a4b3-777dc300391e','cbdea853-bc90-4d75-bedd-b40566feef06','623227e3-5a05-4612-87bd-26bdc3ab3151','7fb779f3-74fc-48fb-86c5-77b1a2d02ce1');
INSERT INTO sample VALUES('dcacd9b4-e0cb-4784-b416-075acd60742e','paraquat (1×10-2 m)',NULL,NULL,NULL,'[]','[]','2024-12-13 03:31:49','2024-12-13 03:33:35','5a34ed34-6db2-4a22-a4b3-777dc300391e','56a1af97-1442-4628-a3e1-12a12758f7d5','623227e3-5a05-4612-87bd-26bdc3ab3151','7fb779f3-74fc-48fb-86c5-77b1a2d02ce1');
INSERT INTO sample VALUES('f333dcde-c85c-4819-af55-a30fad1469ad','paraquat (1×10-3 m)',NULL,NULL,NULL,'[]','[]','2024-12-13 03:32:08','2024-12-13 03:33:54','5a34ed34-6db2-4a22-a4b3-777dc300391e','da476ede-659e-4e06-8020-aa0d027e6aef','623227e3-5a05-4612-87bd-26bdc3ab3151','7fb779f3-74fc-48fb-86c5-77b1a2d02ce1');
INSERT INTO sample VALUES('691a735e-6c9d-47f9-93f7-348dfdcf6bbf','paraquat (1×10-4 m)',NULL,NULL,NULL,'[]','[]','2024-12-13 03:32:36','2024-12-13 03:34:01','5a34ed34-6db2-4a22-a4b3-777dc300391e','f3d03646-88fd-4148-8c48-e6e06b222c1c','623227e3-5a05-4612-87bd-26bdc3ab3151','7fb779f3-74fc-48fb-86c5-77b1a2d02ce1');
INSERT INTO sample VALUES('2eda3fe5-c0a4-4872-ab6a-368a953d1cc1','paraquat (1×10-5 m)',NULL,NULL,NULL,'[]','[]','2024-12-13 03:32:55','2024-12-13 03:32:55','5a34ed34-6db2-4a22-a4b3-777dc300391e','ade4771f-0e93-4ec9-9273-1fee07954c39','623227e3-5a05-4612-87bd-26bdc3ab3151','7fb779f3-74fc-48fb-86c5-77b1a2d02ce1');
INSERT INTO sample VALUES('5ba0085e-da79-4265-86bc-7c2d98323ccd','paraquat (1×10-6 m)',NULL,NULL,NULL,'[]','[]','2024-12-13 03:34:20','2024-12-13 03:34:20','5a34ed34-6db2-4a22-a4b3-777dc300391e','d2f35d50-23ee-473d-9b69-47229924d12c','623227e3-5a05-4612-87bd-26bdc3ab3151','7fb779f3-74fc-48fb-86c5-77b1a2d02ce1');
INSERT INTO sample VALUES('2d2a6f44-c757-4d2f-ad63-7641a4fa9dde','paraquat (1×10-7 m)',NULL,NULL,NULL,'[]','[]','2024-12-13 03:34:42','2024-12-13 03:34:42','5a34ed34-6db2-4a22-a4b3-777dc300391e','1f41d9e4-9471-4e46-a2d6-64bc3725062f','623227e3-5a05-4612-87bd-26bdc3ab3151','7fb779f3-74fc-48fb-86c5-77b1a2d02ce1');
INSERT INTO sample VALUES('2bc75d0f-549d-4e09-90bf-b7ba8d2d698b','paraquat (1×10-8 m)',NULL,NULL,NULL,'[]','[]','2024-12-13 03:34:56','2024-12-13 03:34:56','5a34ed34-6db2-4a22-a4b3-777dc300391e','1591459e-0e88-4c63-9953-778cb387083d','623227e3-5a05-4612-87bd-26bdc3ab3151','7fb779f3-74fc-48fb-86c5-77b1a2d02ce1');
INSERT INTO sample VALUES('6decf758-491b-49ae-aeb1-dfd14bcb2918','carbaryl (1×10-1 m)',NULL,NULL,NULL,'[]','[]','2024-12-13 03:37:24','2024-12-13 03:37:24','5a34ed34-6db2-4a22-a4b3-777dc300391e','be36598e-be70-4b3f-adc4-9692f184622f','623227e3-5a05-4612-87bd-26bdc3ab3151','7fb779f3-74fc-48fb-86c5-77b1a2d02ce1');
INSERT INTO sample VALUES('0835d8fe-6258-4842-aedd-545d1ad77d71','carbaryl (1×10-2 m)',NULL,NULL,NULL,'[]','[]','2024-12-13 03:40:27','2024-12-13 03:40:27','5a34ed34-6db2-4a22-a4b3-777dc300391e','4c58d480-f2cd-4620-9485-0f2c5c6fd12b','623227e3-5a05-4612-87bd-26bdc3ab3151','7fb779f3-74fc-48fb-86c5-77b1a2d02ce1');
INSERT INTO sample VALUES('f2fdfd39-4b33-4c5c-aeb8-d278e3910cc1','carbaryl (1×10-3 m)',NULL,NULL,NULL,'[]','[]','2024-12-13 03:41:23','2024-12-13 03:41:23','5a34ed34-6db2-4a22-a4b3-777dc300391e','1b21c2c8-fbb2-46d9-80b8-beec4c9ccbf7','623227e3-5a05-4612-87bd-26bdc3ab3151','7fb779f3-74fc-48fb-86c5-77b1a2d02ce1');
INSERT INTO sample VALUES('2a8afafd-99bb-4ed3-a6a9-4705679a3fdb','carbaryl (1×10-4 m)',NULL,NULL,NULL,'[]','[]','2024-12-13 03:41:32','2024-12-13 03:41:32','5a34ed34-6db2-4a22-a4b3-777dc300391e','932eb242-a657-4489-a9ef-8d1083640dbd','623227e3-5a05-4612-87bd-26bdc3ab3151','7fb779f3-74fc-48fb-86c5-77b1a2d02ce1');
INSERT INTO sample VALUES('97977cd2-9808-442c-a855-ce95b00f4cd0','carbaryl (1×10-5 m)',NULL,NULL,NULL,'[]','[]','2024-12-13 03:43:22','2024-12-13 03:43:22','5a34ed34-6db2-4a22-a4b3-777dc300391e','67748d15-b3c3-451a-a621-dae2be1a8256','623227e3-5a05-4612-87bd-26bdc3ab3151','7fb779f3-74fc-48fb-86c5-77b1a2d02ce1');
INSERT INTO sample VALUES('99b10f01-b421-4009-9017-575c01804779','carbaryl (1×10-6 m)',NULL,NULL,NULL,'[]','[]','2024-12-13 03:43:28','2024-12-13 03:43:28','5a34ed34-6db2-4a22-a4b3-777dc300391e','c24b3cad-3ab2-43f7-a60f-4e2b0e3e0485','623227e3-5a05-4612-87bd-26bdc3ab3151','7fb779f3-74fc-48fb-86c5-77b1a2d02ce1');
INSERT INTO sample VALUES('ef720708-804c-4eda-ab29-91b57e12d42a','carbaryl (1×10-7 m)',NULL,NULL,NULL,'[]','[]','2024-12-13 03:43:32','2024-12-13 03:43:32','5a34ed34-6db2-4a22-a4b3-777dc300391e','e7e628a5-b423-406a-b124-5e353134c6ed','623227e3-5a05-4612-87bd-26bdc3ab3151','7fb779f3-74fc-48fb-86c5-77b1a2d02ce1');
INSERT INTO sample VALUES('9b96e0ab-3dbd-4cd5-ad12-14dac801c712','cypermethrin (1×10-1 m)',NULL,NULL,NULL,'[]','[]','2024-12-13 03:45:58','2024-12-13 03:45:58','5a34ed34-6db2-4a22-a4b3-777dc300391e','0a7f46f7-a004-4545-a9d3-bff554bc32e1','623227e3-5a05-4612-87bd-26bdc3ab3151','7fb779f3-74fc-48fb-86c5-77b1a2d02ce1');
INSERT INTO sample VALUES('63c7887b-c360-4bb4-9c5f-869e7b37e193','cypermethrin (1×10-2 m)',NULL,NULL,NULL,'[]','[]','2024-12-13 03:46:04','2024-12-13 03:46:04','5a34ed34-6db2-4a22-a4b3-777dc300391e','e1ebd46e-4569-4412-9ace-a3273c1419cb','623227e3-5a05-4612-87bd-26bdc3ab3151','7fb779f3-74fc-48fb-86c5-77b1a2d02ce1');
INSERT INTO sample VALUES('31a16edd-56c0-4ccd-bf5a-52928282a397','cypermethrin (1×10-3 m)',NULL,NULL,NULL,'[]','[]','2024-12-13 03:46:08','2024-12-13 03:46:08','5a34ed34-6db2-4a22-a4b3-777dc300391e','0b47fb39-fa3c-42f1-8b25-523dbf8d55cd','623227e3-5a05-4612-87bd-26bdc3ab3151','7fb779f3-74fc-48fb-86c5-77b1a2d02ce1');
INSERT INTO sample VALUES('ad10c5df-caa4-4e52-8913-53b8f5808e16','cypermethrin (1×10-4 m)',NULL,NULL,NULL,'[]','[]','2024-12-13 03:46:11','2024-12-13 03:46:11','5a34ed34-6db2-4a22-a4b3-777dc300391e','d437bdc3-966a-405b-8ea7-33ac767cc2c7','623227e3-5a05-4612-87bd-26bdc3ab3151','7fb779f3-74fc-48fb-86c5-77b1a2d02ce1');
INSERT INTO sample VALUES('27aa2c75-595b-403d-bcf1-12444080c292','cypermethrin (1×10-5 m)',NULL,NULL,NULL,'[]','[]','2024-12-13 03:46:15','2024-12-13 03:46:15','5a34ed34-6db2-4a22-a4b3-777dc300391e','58c2dd73-7346-416b-8dde-c6fffe8bdcb6','623227e3-5a05-4612-87bd-26bdc3ab3151','7fb779f3-74fc-48fb-86c5-77b1a2d02ce1');
INSERT INTO sample VALUES('dddda00c-762e-4c2c-bb9b-6e91d818feb4','cypermethrin (1×10-6 m)',NULL,NULL,NULL,'[]','[]','2024-12-13 03:46:18','2024-12-13 03:46:18','5a34ed34-6db2-4a22-a4b3-777dc300391e','04e5e2ad-a61e-4845-bee8-8d0770e8b139','623227e3-5a05-4612-87bd-26bdc3ab3151','7fb779f3-74fc-48fb-86c5-77b1a2d02ce1');
INSERT INTO sample VALUES('d11a5e04-6953-41c8-9091-320b8f257ec3','cypermethrin (1×10-7 m)',NULL,NULL,NULL,'[]','[]','2024-12-13 03:46:22','2024-12-13 03:46:22','5a34ed34-6db2-4a22-a4b3-777dc300391e','f4e74d61-d239-4bcf-8e3d-b2c656b56d48','623227e3-5a05-4612-87bd-26bdc3ab3151','7fb779f3-74fc-48fb-86c5-77b1a2d02ce1');
INSERT INTO sample VALUES('cef061ba-1931-4028-9f57-c959a206b63a','chlorpyrifos [powder]',NULL,NULL,NULL,'[]','[]','2024-12-13 03:52:22','2024-12-13 04:08:53','5a34ed34-6db2-4a22-a4b3-777dc300391e','328c1ca9-16e0-408c-8175-de072d21533b','623227e3-5a05-4612-87bd-26bdc3ab3151','f46f36dc-609d-44b7-ac9b-2bd5554f624a');
INSERT INTO sample VALUES('1cc3c0c0-33c8-41b3-9d0b-a7a84d84390a','chlorpyrifos (1×10-1 m)',NULL,NULL,NULL,'[]','[]','2024-12-13 03:52:35','2024-12-13 03:52:35','5a34ed34-6db2-4a22-a4b3-777dc300391e','6f70f88c-4f3c-427c-b6a0-2aa152ed950d','623227e3-5a05-4612-87bd-26bdc3ab3151','7fb779f3-74fc-48fb-86c5-77b1a2d02ce1');
INSERT INTO sample VALUES('7869cd70-6c74-499e-9b0f-716e05e38542','chlorpyrifos (1×10-2 m)',NULL,NULL,NULL,'[]','[]','2024-12-13 03:52:39','2024-12-13 03:52:39','5a34ed34-6db2-4a22-a4b3-777dc300391e','7941b4e1-2122-44a7-9a3c-77d4519c138e','623227e3-5a05-4612-87bd-26bdc3ab3151','7fb779f3-74fc-48fb-86c5-77b1a2d02ce1');
INSERT INTO sample VALUES('7644775e-2e86-4620-9216-3cc81163659d','chlorpyrifos (1×10-3 m)',NULL,NULL,NULL,'[]','[]','2024-12-13 03:52:42','2024-12-13 03:52:42','5a34ed34-6db2-4a22-a4b3-777dc300391e','25591569-5b76-4fee-a5ad-427619f8edea','623227e3-5a05-4612-87bd-26bdc3ab3151','7fb779f3-74fc-48fb-86c5-77b1a2d02ce1');
INSERT INTO sample VALUES('dfbe5160-0e91-449f-8733-3fa0175fe524','chlorpyrifos (1×10-4 m)',NULL,NULL,NULL,'[]','[]','2024-12-13 03:52:56','2024-12-13 03:52:56','5a34ed34-6db2-4a22-a4b3-777dc300391e','07b26967-7332-4e8a-8faf-ce6930b3fae9','623227e3-5a05-4612-87bd-26bdc3ab3151','7fb779f3-74fc-48fb-86c5-77b1a2d02ce1');
INSERT INTO sample VALUES('22767299-0182-4cef-8f47-045a153eac79','chlorpyrifos (1×10-5 m)',NULL,NULL,NULL,'[]','[]','2024-12-13 03:52:59','2024-12-13 03:52:59','5a34ed34-6db2-4a22-a4b3-777dc300391e','8870d35b-a5cb-4da7-b954-a636d55a0737','623227e3-5a05-4612-87bd-26bdc3ab3151','7fb779f3-74fc-48fb-86c5-77b1a2d02ce1');
INSERT INTO sample VALUES('cb349c80-daff-4044-8c67-2dc37c9c2f4c','methyl parathion',NULL,NULL,NULL,'[]','[]','2024-12-13 03:55:09','2024-12-13 03:55:09','5a34ed34-6db2-4a22-a4b3-777dc300391e','da92a19c-9cc4-486e-9f4c-e2a400fc8026','623227e3-5a05-4612-87bd-26bdc3ab3151','76ab691d-8aea-4889-830f-9ab62b3861f5');
INSERT INTO sample VALUES('54c0c4fe-363d-4d2d-b82e-1844dbdd2777','chlorpyrifos [solid]',NULL,NULL,NULL,'[]','[]','2024-12-13 04:08:19','2024-12-13 04:08:19','5a34ed34-6db2-4a22-a4b3-777dc300391e','328c1ca9-16e0-408c-8175-de072d21533b','623227e3-5a05-4612-87bd-26bdc3ab3151','76ab691d-8aea-4889-830f-9ab62b3861f5');
INSERT INTO sample VALUES('e224b126-38b3-4ce9-8e83-755a8d43bcbe','paraqaut',NULL,NULL,NULL,'[]','[]','2024-12-13 04:09:47','2024-12-13 04:09:47','5a34ed34-6db2-4a22-a4b3-777dc300391e','1f256a9d-d9b9-4280-b82d-8b080e39e089','623227e3-5a05-4612-87bd-26bdc3ab3151','76ab691d-8aea-4889-830f-9ab62b3861f5');
INSERT INTO sample VALUES('5cbd0843-a413-4d46-abea-f246f706ae6a','glyphosate',NULL,NULL,NULL,'[]','[]','2024-12-13 04:10:32','2024-12-13 04:10:32','5a34ed34-6db2-4a22-a4b3-777dc300391e','ac63a7b4-d798-48f1-a397-269081ff702c','623227e3-5a05-4612-87bd-26bdc3ab3151','f46f36dc-609d-44b7-ac9b-2bd5554f624a');
INSERT INTO sample VALUES('6331ae50-53f6-418c-b9b8-d9f4332fe848','paraquat (5×10-7 m)',NULL,NULL,NULL,'[]','[]','2024-12-13 04:12:43','2024-12-13 04:12:43','5a34ed34-6db2-4a22-a4b3-777dc300391e','7ced73bc-bee2-4414-852a-d8374f7fd1a4','623227e3-5a05-4612-87bd-26bdc3ab3151','7fb779f3-74fc-48fb-86c5-77b1a2d02ce1');
INSERT INTO sample VALUES('a18549a1-acdb-4214-8833-c9701db757b4','paraquat (2.5×10-7 m)',NULL,NULL,NULL,'[]','[]','2024-12-13 04:12:54','2024-12-13 04:12:54','5a34ed34-6db2-4a22-a4b3-777dc300391e','ee982057-e627-49a4-8d22-b76730292fc6','623227e3-5a05-4612-87bd-26bdc3ab3151','7fb779f3-74fc-48fb-86c5-77b1a2d02ce1');
INSERT INTO sample VALUES('0f4ddf76-7ba1-4fdf-9b0b-d9f1e0868f00','formalin 1000 ug/l',NULL,NULL,NULL,'[]','[]','2024-12-13 04:13:33','2024-12-13 04:13:33','5a34ed34-6db2-4a22-a4b3-777dc300391e','896857e7-875a-43ff-9eaf-9e4eaefd1ec0','623227e3-5a05-4612-87bd-26bdc3ab3151','76ab691d-8aea-4889-830f-9ab62b3861f5');
INSERT INTO sample VALUES('f590ad2d-5291-478c-ac91-5ecc215a8e7c','enrofloxacin',NULL,NULL,NULL,'[]','[]','2024-12-13 04:18:37','2024-12-13 04:18:37','5a34ed34-6db2-4a22-a4b3-777dc300391e','a5c96546-6b13-4da9-9178-0a316b4034a9','2f5b1d46-2b9a-4072-9ee5-c7f5fadbb589','f46f36dc-609d-44b7-ac9b-2bd5554f624a');
INSERT INTO sample VALUES('e992773f-a935-47a9-84d0-de43c0c77f06','norfloxacin',NULL,NULL,NULL,'[]','[]','2024-12-13 04:18:47','2024-12-13 04:18:47','5a34ed34-6db2-4a22-a4b3-777dc300391e','9c4d94f0-07ec-474b-8ac7-212c086527d4','2f5b1d46-2b9a-4072-9ee5-c7f5fadbb589','f46f36dc-609d-44b7-ac9b-2bd5554f624a');
INSERT INTO sample VALUES('fad082ff-9824-4bf4-a7eb-462c311b6618','pefloxacin',NULL,NULL,NULL,'[]','[]','2024-12-13 04:19:06','2024-12-13 04:19:06','5a34ed34-6db2-4a22-a4b3-777dc300391e','a0bf74d5-cd6c-4f92-a2c7-e943288be486','2f5b1d46-2b9a-4072-9ee5-c7f5fadbb589','f46f36dc-609d-44b7-ac9b-2bd5554f624a');
INSERT INTO sample VALUES('2b538336-1ba7-48a4-bb49-45da2d01c96d','sulfamethoxazole',NULL,NULL,NULL,'[]','[]','2024-12-13 04:19:18','2024-12-13 04:19:18','5a34ed34-6db2-4a22-a4b3-777dc300391e','bf0407f1-e686-4593-9963-c145da6bc065','2f5b1d46-2b9a-4072-9ee5-c7f5fadbb589','f46f36dc-609d-44b7-ac9b-2bd5554f624a');
INSERT INTO sample VALUES('bb145265-a38e-4e06-a73e-7724fdae4685','oxytetracycline',NULL,NULL,NULL,'[]','[]','2024-12-13 04:19:33','2024-12-13 04:19:33','5a34ed34-6db2-4a22-a4b3-777dc300391e','c4e17dd9-81a6-4737-9307-024ac311d9a1','2f5b1d46-2b9a-4072-9ee5-c7f5fadbb589','f46f36dc-609d-44b7-ac9b-2bd5554f624a');
INSERT INTO sample VALUES('d36c1800-b254-4ed1-ad23-35475b287f95','glucose',NULL,NULL,NULL,'[]','[]','2024-12-13 04:21:56','2024-12-13 04:21:56','5a34ed34-6db2-4a22-a4b3-777dc300391e','bdca4aac-5de7-40f2-863e-e0aa94bebb89','8428c71d-6650-4d73-9a66-6d5900f98f22','f46f36dc-609d-44b7-ac9b-2bd5554f624a');
INSERT INTO sample VALUES('38c3a426-1cf0-47c4-a5b3-0c3773afddfc','fructose',NULL,NULL,NULL,'[]','[]','2024-12-13 04:22:10','2024-12-13 04:22:10','5a34ed34-6db2-4a22-a4b3-777dc300391e','d748f76a-e98d-46ac-8e97-e12a481e62ce','8428c71d-6650-4d73-9a66-6d5900f98f22','f46f36dc-609d-44b7-ac9b-2bd5554f624a');
INSERT INTO sample VALUES('2abad0ca-c4b4-46a7-8400-eab99e369652','d-xylose',NULL,NULL,NULL,'[]','[]','2024-12-13 04:22:19','2024-12-13 04:22:19','5a34ed34-6db2-4a22-a4b3-777dc300391e','f2ac99f2-fc86-4910-96a6-e007587bfd59','8428c71d-6650-4d73-9a66-6d5900f98f22','f46f36dc-609d-44b7-ac9b-2bd5554f624a');
INSERT INTO sample VALUES('691bc3b2-d42d-41eb-b2ab-3ffab797ed0d','l-xylose',NULL,NULL,NULL,'[]','[]','2024-12-13 04:22:30','2024-12-13 04:22:30','5a34ed34-6db2-4a22-a4b3-777dc300391e','78dbcbb8-9605-4af8-92ce-b3cd6a569b1c','8428c71d-6650-4d73-9a66-6d5900f98f22','f46f36dc-609d-44b7-ac9b-2bd5554f624a');
INSERT INTO sample VALUES('88015734-4292-4e22-b614-7df76b635805','arabinose',NULL,NULL,NULL,'[]','[]','2024-12-13 04:22:43','2024-12-13 04:22:43','5a34ed34-6db2-4a22-a4b3-777dc300391e','6e96bf9c-a9f5-4d10-9f72-1c94eff1f5f4','8428c71d-6650-4d73-9a66-6d5900f98f22','f46f36dc-609d-44b7-ac9b-2bd5554f624a');
INSERT INTO sample VALUES('fe292177-4f7a-47a7-9c19-1b8541d18c59','sorbitol',NULL,NULL,NULL,'[]','[]','2024-12-13 04:22:51','2024-12-13 04:22:51','5a34ed34-6db2-4a22-a4b3-777dc300391e','514ffbcb-b799-4e79-b071-2771a4093204','8428c71d-6650-4d73-9a66-6d5900f98f22','f46f36dc-609d-44b7-ac9b-2bd5554f624a');
INSERT INTO sample VALUES('40ffc7eb-f397-4ecc-b1e4-84cad665390c','xylitol',NULL,NULL,NULL,'[]','[]','2024-12-13 04:23:00','2024-12-13 04:23:00','5a34ed34-6db2-4a22-a4b3-777dc300391e','fd8985a4-391b-4136-bfca-37e8eccca02a','8428c71d-6650-4d73-9a66-6d5900f98f22','f46f36dc-609d-44b7-ac9b-2bd5554f624a');
INSERT INTO sample VALUES('27f62e4c-1bb8-450a-8422-aa865d835e86','fdca',NULL,NULL,NULL,'[]','[]','2024-12-13 04:23:14','2024-12-13 04:23:14','5a34ed34-6db2-4a22-a4b3-777dc300391e','65f4ca92-5570-499a-b157-6666825e7ef3','8428c71d-6650-4d73-9a66-6d5900f98f22','f46f36dc-609d-44b7-ac9b-2bd5554f624a');
INSERT INTO sample VALUES('c92174f6-b089-4ef3-ad89-f07d33206735','glycolic acid',NULL,NULL,NULL,'[]','[]','2024-12-13 04:23:25','2024-12-13 04:23:25','5a34ed34-6db2-4a22-a4b3-777dc300391e','d770bce7-eeea-48f3-aa86-d49a6f116eb3','8428c71d-6650-4d73-9a66-6d5900f98f22','f46f36dc-609d-44b7-ac9b-2bd5554f624a');
INSERT INTO sample VALUES('9486780f-53c7-4d0b-a0f8-9ce0d756bfd9','citric acid [Biorefinery]',NULL,NULL,NULL,'[]','[]','2024-12-13 04:26:38','2024-12-13 04:26:38','5a34ed34-6db2-4a22-a4b3-777dc300391e','3b71accb-6c5e-4fa7-bee2-baaf0b4ac432','8428c71d-6650-4d73-9a66-6d5900f98f22','f46f36dc-609d-44b7-ac9b-2bd5554f624a');
INSERT INTO sample VALUES('b11e6849-ecd8-4367-a5e2-b8cf7e92ae83','succinic acid',NULL,NULL,NULL,'[]','[]','2024-12-13 04:27:41','2024-12-13 04:27:41','5a34ed34-6db2-4a22-a4b3-777dc300391e','7b161044-943e-42e2-baad-eeb246a7ad47','8428c71d-6650-4d73-9a66-6d5900f98f22','f46f36dc-609d-44b7-ac9b-2bd5554f624a');
INSERT INTO sample VALUES('246fbc59-901d-4673-8203-6584d2243858','isosorbide',NULL,NULL,NULL,'[]','[]','2024-12-13 04:28:21','2024-12-13 04:28:21','5a34ed34-6db2-4a22-a4b3-777dc300391e','86d488b7-d02f-4d58-a93f-75594b07970a','8428c71d-6650-4d73-9a66-6d5900f98f22','f46f36dc-609d-44b7-ac9b-2bd5554f624a');
INSERT INTO sample VALUES('7ba560d8-ec2c-4efc-997e-e4f44ea5c715','furfural',NULL,NULL,NULL,'[]','[]','2024-12-13 04:28:46','2024-12-13 04:28:46','5a34ed34-6db2-4a22-a4b3-777dc300391e','fdae9759-b35e-4181-94e9-caafc345fc9e','8428c71d-6650-4d73-9a66-6d5900f98f22','7fb779f3-74fc-48fb-86c5-77b1a2d02ce1');
INSERT INTO sample VALUES('51c8f915-58c7-4db4-82e3-c5138833d861','furfuryl alcohol',NULL,NULL,NULL,'[]','[]','2024-12-13 04:29:02','2024-12-13 04:29:02','5a34ed34-6db2-4a22-a4b3-777dc300391e','6528e719-b28f-45fc-9734-f5cf7c4ddb92','8428c71d-6650-4d73-9a66-6d5900f98f22','7fb779f3-74fc-48fb-86c5-77b1a2d02ce1');
INSERT INTO sample VALUES('1d471ae5-c198-4259-91cf-263613b93eba','5-hmf',NULL,NULL,NULL,'[]','[]','2024-12-13 04:29:16','2024-12-13 04:29:16','5a34ed34-6db2-4a22-a4b3-777dc300391e','40703d43-559a-45bf-9295-da1c07af8200','8428c71d-6650-4d73-9a66-6d5900f98f22','f46f36dc-609d-44b7-ac9b-2bd5554f624a');
INSERT INTO sample VALUES('035f723f-c8a7-4c33-9659-28b6bf10ce3e','levulinic acid',NULL,NULL,NULL,'[]','[]','2024-12-13 04:29:43','2024-12-13 04:29:43','5a34ed34-6db2-4a22-a4b3-777dc300391e','f74ca132-341a-402c-b791-961ffdff0860','8428c71d-6650-4d73-9a66-6d5900f98f22','7fb779f3-74fc-48fb-86c5-77b1a2d02ce1');
INSERT INTO sample VALUES('37cf4fa9-6530-40af-bb19-d98fd08f001f','r-valerolactone',NULL,NULL,NULL,'[]','[]','2024-12-13 04:30:00','2024-12-13 04:30:00','5a34ed34-6db2-4a22-a4b3-777dc300391e','bcffac25-bacc-4fe6-9c4a-a6cea3a417e6','8428c71d-6650-4d73-9a66-6d5900f98f22','7fb779f3-74fc-48fb-86c5-77b1a2d02ce1');
INSERT INTO sample VALUES('74d8f1b7-a2fb-4666-a41f-c33e57698c0d','d-lactic acid',NULL,NULL,NULL,'[]','[]','2024-12-13 04:30:15','2024-12-13 04:30:15','5a34ed34-6db2-4a22-a4b3-777dc300391e','96bbe95d-48dc-40f7-8289-ac60a44a383c','8428c71d-6650-4d73-9a66-6d5900f98f22','7fb779f3-74fc-48fb-86c5-77b1a2d02ce1');
INSERT INTO sample VALUES('6104491c-2b4e-4dac-ae26-ca36f9d495df','l-lactic acid',NULL,NULL,NULL,'[]','[]','2024-12-13 04:30:29','2024-12-13 04:30:29','5a34ed34-6db2-4a22-a4b3-777dc300391e','e51a118f-7c7c-4601-9d28-f06f491d4d9b','8428c71d-6650-4d73-9a66-6d5900f98f22','7fb779f3-74fc-48fb-86c5-77b1a2d02ce1');
INSERT INTO sample VALUES('e78ab8ca-17b9-4e12-9bd5-8ed1997727c0','formic acid',NULL,NULL,NULL,'[]','[]','2024-12-13 04:30:45','2024-12-13 04:30:45','5a34ed34-6db2-4a22-a4b3-777dc300391e','2f7b97c1-109a-4734-93ca-10548e028266','8428c71d-6650-4d73-9a66-6d5900f98f22','7fb779f3-74fc-48fb-86c5-77b1a2d02ce1');
INSERT INTO sample VALUES('dde4107d-a1bb-45a1-8456-d778e32f9cea','acetic acid',NULL,NULL,NULL,'[]','[]','2024-12-13 04:31:05','2024-12-13 04:31:05','5a34ed34-6db2-4a22-a4b3-777dc300391e','94864801-21dd-4c79-9ebc-5fcc05bcf956','8428c71d-6650-4d73-9a66-6d5900f98f22','f46f36dc-609d-44b7-ac9b-2bd5554f624a');
INSERT INTO sample VALUES('9688057c-797d-417d-92f2-c56e4fa1d51a','lactic acid',NULL,NULL,NULL,'[]','[]','2024-12-13 04:31:21','2024-12-13 04:31:21','5a34ed34-6db2-4a22-a4b3-777dc300391e','403daf09-e313-44b0-8fbe-f27fd6efd484','8428c71d-6650-4d73-9a66-6d5900f98f22','7fb779f3-74fc-48fb-86c5-77b1a2d02ce1');
INSERT INTO sample VALUES('537c289f-ac57-4d12-802d-240c39f97a83','uric acid',NULL,NULL,NULL,'[]','[]','2024-12-13 04:33:23','2024-12-13 04:33:23','5a34ed34-6db2-4a22-a4b3-777dc300391e','d0278a24-ddf3-4e53-bbf9-5d65e2e1f705','79d6560e-d2d9-4dfd-ba01-7c5f467a302e','f46f36dc-609d-44b7-ac9b-2bd5554f624a');
INSERT INTO sample VALUES('6a0c2b73-7f22-45f3-a92d-6326087abb0c','calcium oxalate',NULL,NULL,NULL,'[]','[]','2024-12-13 04:33:35','2024-12-13 04:33:35','5a34ed34-6db2-4a22-a4b3-777dc300391e','9e8747c7-2f9b-4929-9289-0078ae07c932','79d6560e-d2d9-4dfd-ba01-7c5f467a302e','f46f36dc-609d-44b7-ac9b-2bd5554f624a');
INSERT INTO sample VALUES('8da33dac-657f-41c9-a75d-bbcc3d28df31','calcium phosphate',NULL,NULL,NULL,'[]','[]','2024-12-13 04:33:44','2024-12-13 04:33:44','5a34ed34-6db2-4a22-a4b3-777dc300391e','74858714-2f68-45e7-84e5-ac616d1b50ff','79d6560e-d2d9-4dfd-ba01-7c5f467a302e','f46f36dc-609d-44b7-ac9b-2bd5554f624a');
INSERT INTO sample VALUES('9dd0bff5-1c66-4737-a086-bec1bf0f4f55','uric acid [solid]',NULL,NULL,NULL,'[]','[]','2024-12-13 04:34:28','2024-12-13 04:38:24','5a34ed34-6db2-4a22-a4b3-777dc300391e','d0278a24-ddf3-4e53-bbf9-5d65e2e1f705','79d6560e-d2d9-4dfd-ba01-7c5f467a302e','76ab691d-8aea-4889-830f-9ab62b3861f5');
INSERT INTO sample VALUES('35978620-1f0c-4cb4-bf63-b213e022f05b','calcium oxalate [solid]',NULL,NULL,NULL,'[]','[]','2024-12-13 04:35:55','2024-12-13 04:35:55','5a34ed34-6db2-4a22-a4b3-777dc300391e','9e8747c7-2f9b-4929-9289-0078ae07c932','79d6560e-d2d9-4dfd-ba01-7c5f467a302e','76ab691d-8aea-4889-830f-9ab62b3861f5');
INSERT INTO sample VALUES('9709e016-8270-41a7-90c8-970086ff56fc','calcium phosphate [solid]',NULL,NULL,NULL,'[]','[]','2024-12-13 04:41:11','2024-12-13 04:41:11','5a34ed34-6db2-4a22-a4b3-777dc300391e','74858714-2f68-45e7-84e5-ac616d1b50ff','79d6560e-d2d9-4dfd-ba01-7c5f467a302e','76ab691d-8aea-4889-830f-9ab62b3861f5');
INSERT INTO sample VALUES('5aede908-03f9-4a5c-8369-87a56916bec3','dengue fever/df',NULL,NULL,NULL,'[]','[]','2024-12-13 04:41:32','2024-12-13 04:41:32','5a34ed34-6db2-4a22-a4b3-777dc300391e','159d15ae-b40c-44bd-86c4-e3e3b7abd1cf','79d6560e-d2d9-4dfd-ba01-7c5f467a302e','76ab691d-8aea-4889-830f-9ab62b3861f5');
INSERT INTO sample VALUES('106f8805-b794-4414-90d5-eff9be42ac22','dengue hemorrhagic fever/dhf',NULL,NULL,NULL,'[]','[]','2024-12-13 04:41:40','2024-12-13 04:41:40','5a34ed34-6db2-4a22-a4b3-777dc300391e','0d7192f3-c56f-4b71-8d34-b59ae3bb93a7','79d6560e-d2d9-4dfd-ba01-7c5f467a302e','76ab691d-8aea-4889-830f-9ab62b3861f5');
INSERT INTO sample VALUES('7ba961ac-f028-4857-b776-5226d2b25db7','paracetamol',NULL,NULL,NULL,'[]','[]','2024-12-13 04:41:54','2024-12-13 04:41:54','5a34ed34-6db2-4a22-a4b3-777dc300391e','ceeb59ec-5a3a-4cc7-9a0c-bf5e21570238','79d6560e-d2d9-4dfd-ba01-7c5f467a302e','76ab691d-8aea-4889-830f-9ab62b3861f5');
INSERT INTO sample VALUES('4e69e33b-5ecd-4b58-b71e-aaf8e6fd2263','diclofenac',NULL,NULL,NULL,'[]','[]','2024-12-13 04:42:08','2024-12-13 04:42:08','5a34ed34-6db2-4a22-a4b3-777dc300391e','9d7bdfc5-7431-4c85-91dc-26a9b8ea14d7','79d6560e-d2d9-4dfd-ba01-7c5f467a302e','76ab691d-8aea-4889-830f-9ab62b3861f5');
INSERT INTO sample VALUES('99342a07-c46f-47c5-938e-22c4bacc1d7b','ibuprofen',NULL,NULL,NULL,'[]','[]','2024-12-13 04:42:19','2024-12-13 04:42:19','5a34ed34-6db2-4a22-a4b3-777dc300391e','7a4039aa-b1b3-4e21-a320-3dae4bef0e38','79d6560e-d2d9-4dfd-ba01-7c5f467a302e','76ab691d-8aea-4889-830f-9ab62b3861f5');
INSERT INTO sample VALUES('2bfb0ebe-1274-4782-8733-35286ddaa7f5','graphene/si',NULL,NULL,NULL,'[]','[]','2024-12-13 04:43:35','2024-12-13 04:43:35','5a34ed34-6db2-4a22-a4b3-777dc300391e','22a2becf-2adb-449f-a359-fc6520be1f31','12b3359b-1d0e-44b2-b7bd-203dbb942f76','76ab691d-8aea-4889-830f-9ab62b3861f5');
INSERT INTO sample VALUES('41abcc40-1119-44c8-9041-3b8f6aad7937','graphene/cu',NULL,NULL,NULL,'[]','[]','2024-12-13 04:43:46','2024-12-13 04:43:46','5a34ed34-6db2-4a22-a4b3-777dc300391e','a6eecafd-4602-4c60-968f-0f706c008e26','12b3359b-1d0e-44b2-b7bd-203dbb942f76','76ab691d-8aea-4889-830f-9ab62b3861f5');
INSERT INTO sample VALUES('2ebc3483-4fba-44b5-aa99-c2d6e8863f6f','graphene/ni',NULL,NULL,NULL,'[]','[]','2024-12-13 04:43:51','2024-12-13 04:43:51','5a34ed34-6db2-4a22-a4b3-777dc300391e','21c3b21b-6635-4c7f-a866-4d8ad6ab83f2','12b3359b-1d0e-44b2-b7bd-203dbb942f76','76ab691d-8aea-4889-830f-9ab62b3861f5');
INSERT INTO sample VALUES('270df307-98cd-40c6-b3c2-3a8220395d0b','graphene/sog',NULL,NULL,NULL,'[]','[]','2024-12-13 04:43:58','2024-12-13 04:43:58','5a34ed34-6db2-4a22-a4b3-777dc300391e','0c004b56-afd7-4640-86bb-239c79322f71','12b3359b-1d0e-44b2-b7bd-203dbb942f76','76ab691d-8aea-4889-830f-9ab62b3861f5');
INSERT INTO sample VALUES('41e17025-4534-4dbb-adc5-85415b208f0c','polyimide',NULL,NULL,NULL,'[]','[]','2024-12-13 04:44:26','2024-12-13 04:44:26','5a34ed34-6db2-4a22-a4b3-777dc300391e','1bc38edd-1d3e-451b-ac88-f429f78c7661','12b3359b-1d0e-44b2-b7bd-203dbb942f76','76ab691d-8aea-4889-830f-9ab62b3861f5');
INSERT INTO sample VALUES('bac17d55-145e-4b4f-b017-8476d0f3d91f','pdms',NULL,NULL,NULL,'[]','[]','2024-12-13 04:44:33','2024-12-13 04:44:33','5a34ed34-6db2-4a22-a4b3-777dc300391e','f4410ae1-a159-40f5-887d-2ce476ef2bb1','12b3359b-1d0e-44b2-b7bd-203dbb942f76','76ab691d-8aea-4889-830f-9ab62b3861f5');
INSERT INTO sample VALUES('12164e80-42d6-4f6e-9a81-bd7289bcf5ee','boron',NULL,NULL,NULL,'[]','[]','2024-12-13 04:44:44','2024-12-13 04:44:44','5a34ed34-6db2-4a22-a4b3-777dc300391e','9117845f-3427-41d4-af8a-7d742df6c49e','12b3359b-1d0e-44b2-b7bd-203dbb942f76','76ab691d-8aea-4889-830f-9ab62b3861f5');
INSERT INTO sample VALUES('d2e1066c-5b77-4906-b229-9756ea3fe8b9','natural rubber',NULL,NULL,NULL,'[]','[]','2024-12-13 04:44:57','2024-12-13 04:44:57','5a34ed34-6db2-4a22-a4b3-777dc300391e','3006a066-be64-4d54-8084-881ed5132ae1','12b3359b-1d0e-44b2-b7bd-203dbb942f76','76ab691d-8aea-4889-830f-9ab62b3861f5');
INSERT INTO sample VALUES('67467c7c-85ba-44d1-922e-5b7c78cdf7a6','go',NULL,NULL,NULL,'[]','[]','2024-12-13 04:45:06','2024-12-13 04:45:06','5a34ed34-6db2-4a22-a4b3-777dc300391e','94527628-a6a8-40b1-b97a-9fca2b2d8aaa','12b3359b-1d0e-44b2-b7bd-203dbb942f76','76ab691d-8aea-4889-830f-9ab62b3861f5');
INSERT INTO sample VALUES('5014ec48-d388-46ac-a87c-85a145624d51','rgo',NULL,NULL,NULL,'[]','[]','2024-12-13 04:45:13','2024-12-13 04:45:13','5a34ed34-6db2-4a22-a4b3-777dc300391e','8961185a-41bc-4563-b6de-bae29b24679b','12b3359b-1d0e-44b2-b7bd-203dbb942f76','76ab691d-8aea-4889-830f-9ab62b3861f5');
INSERT INTO sample VALUES('9ac4a243-bf3d-4244-8254-c18f150d1e65','mxene',NULL,NULL,NULL,'[]','[]','2024-12-13 04:45:22','2024-12-13 04:45:22','5a34ed34-6db2-4a22-a4b3-777dc300391e','09134df0-c76f-4354-99e0-aa2edfb527ba','12b3359b-1d0e-44b2-b7bd-203dbb942f76','76ab691d-8aea-4889-830f-9ab62b3861f5');
INSERT INTO sample VALUES('32403490-1666-4e08-b41c-355bce49c824','antimony',NULL,NULL,NULL,'[]','[]','2024-12-13 04:45:36','2024-12-13 04:45:36','5a34ed34-6db2-4a22-a4b3-777dc300391e','5b5a31b5-ceaf-4518-946e-d606b6803d86','12b3359b-1d0e-44b2-b7bd-203dbb942f76','76ab691d-8aea-4889-830f-9ab62b3861f5');
INSERT INTO sample VALUES('ef91b5e7-644d-4597-8ced-bdf1bee25ece','graphene',NULL,NULL,NULL,'[]','[]','2024-12-13 04:45:45','2024-12-13 04:47:50','5a34ed34-6db2-4a22-a4b3-777dc300391e','91576bfe-7217-4c82-9b52-2bfea3d3d7b3','12b3359b-1d0e-44b2-b7bd-203dbb942f76','f46f36dc-609d-44b7-ac9b-2bd5554f624a');
INSERT INTO sample VALUES('3d7bfe57-348f-438f-8d5e-f94287a359e1','rgo [powder]',NULL,NULL,NULL,'[]','[]','2024-12-13 04:46:49','2024-12-13 04:46:49','5a34ed34-6db2-4a22-a4b3-777dc300391e','8961185a-41bc-4563-b6de-bae29b24679b','12b3359b-1d0e-44b2-b7bd-203dbb942f76','f46f36dc-609d-44b7-ac9b-2bd5554f624a');
INSERT INTO sample VALUES('dc298396-ada5-4f0d-9f84-f2277e369eca','polypropylene',NULL,NULL,NULL,'[]','[]','2024-12-13 04:53:22','2024-12-13 04:53:22','5a34ed34-6db2-4a22-a4b3-777dc300391e','942a1da4-cf61-4600-8450-0c64c4462540','12b3359b-1d0e-44b2-b7bd-203dbb942f76','76ab691d-8aea-4889-830f-9ab62b3861f5');
INSERT INTO sample VALUES('18fc75f8-e674-4ad6-acdb-5f4c497c8327','silicon wafer',NULL,NULL,NULL,'[]','[]','2024-12-13 04:53:33','2024-12-13 04:53:33','5a34ed34-6db2-4a22-a4b3-777dc300391e','2fc03564-df16-4a76-b697-bb444103d964','12b3359b-1d0e-44b2-b7bd-203dbb942f76','76ab691d-8aea-4889-830f-9ab62b3861f5');
CREATE TABLE IF NOT EXISTS "chemical" ("id" varchar PRIMARY KEY NOT NULL, "name" varchar NOT NULL, "description" varchar, CONSTRAINT "UQ_b0978d04fd0a03ca93abb0c610a" UNIQUE ("name"));
INSERT INTO chemical VALUES('d748f76a-e98d-46ac-8e97-e12a481e62ce','Fructose','');
INSERT INTO chemical VALUES('f2ac99f2-fc86-4910-96a6-e007587bfd59','D-Xylose','');
INSERT INTO chemical VALUES('fd8985a4-391b-4136-bfca-37e8eccca02a','Xylitol','');
INSERT INTO chemical VALUES('6e96bf9c-a9f5-4d10-9f72-1c94eff1f5f4','Arabinose','');
INSERT INTO chemical VALUES('d770bce7-eeea-48f3-aa86-d49a6f116eb3','Glycolic acid','');
INSERT INTO chemical VALUES('3b71accb-6c5e-4fa7-bee2-baaf0b4ac432','Citric acid','');
INSERT INTO chemical VALUES('7b161044-943e-42e2-baad-eeb246a7ad47','Succinic acid','');
INSERT INTO chemical VALUES('86d488b7-d02f-4d58-a93f-75594b07970a','Isosorbide','');
INSERT INTO chemical VALUES('40703d43-559a-45bf-9295-da1c07af8200','5-HMF','');
INSERT INTO chemical VALUES('94864801-21dd-4c79-9ebc-5fcc05bcf956','Acetic acid','');
INSERT INTO chemical VALUES('78dbcbb8-9605-4af8-92ce-b3cd6a569b1c','L-Xylose','');
INSERT INTO chemical VALUES('6528e719-b28f-45fc-9734-f5cf7c4ddb92','Furfuryl alcohol','');
INSERT INTO chemical VALUES('f74ca132-341a-402c-b791-961ffdff0860','Levulinic acid','');
INSERT INTO chemical VALUES('514ffbcb-b799-4e79-b071-2771a4093204','Sorbitol','');
INSERT INTO chemical VALUES('96bbe95d-48dc-40f7-8289-ac60a44a383c','D-Lactic acid','');
INSERT INTO chemical VALUES('65f4ca92-5570-499a-b157-6666825e7ef3','FDCA','');
INSERT INTO chemical VALUES('2f7b97c1-109a-4734-93ca-10548e028266','Formic acid','');
INSERT INTO chemical VALUES('403daf09-e313-44b0-8fbe-f27fd6efd484','Lactic acid','');
INSERT INTO chemical VALUES('2274b895-d99e-4ac0-8cd3-f6bf5e51882d','4-MBA','');
INSERT INTO chemical VALUES('e51a118f-7c7c-4601-9d28-f06f491d4d9b','L-Lactic acid','');
INSERT INTO chemical VALUES('1c7c278f-741e-4e8c-bdd4-df069db0eee2','R6G','');
INSERT INTO chemical VALUES('bcffac25-bacc-4fe6-9c4a-a6cea3a417e6','r-Valerolactone','');
INSERT INTO chemical VALUES('68adfa3d-8176-49cc-8ed1-e2b06a3faa42','CBD (100 PPM)','');
INSERT INTO chemical VALUES('f2187408-0f7d-4863-9265-20c709231c8a','CBN (100 PPM)','');
INSERT INTO chemical VALUES('269b9c52-90b6-4bb3-8fb8-119b8f687b52','R6G (1×10-5 M)','');
INSERT INTO chemical VALUES('70595b36-bbec-47de-9ae2-250ba208806c','THC (10 PPM)','');
INSERT INTO chemical VALUES('61ed2d83-64da-488b-ad44-b8bb3731022a','CBN (1 PPM)','');
INSERT INTO chemical VALUES('2a64a255-4080-42bf-bf88-1da854a36009','THC (100 PPM)','');
INSERT INTO chemical VALUES('d3a2bfc5-40a6-4f89-b181-4e87f79251ee','CBN (0.25 PPM)','');
INSERT INTO chemical VALUES('cbdea853-bc90-4d75-bedd-b40566feef06','Paraquat (1×10-1 M)','');
INSERT INTO chemical VALUES('56a1af97-1442-4628-a3e1-12a12758f7d5','Paraquat (1×10-2 M)','');
INSERT INTO chemical VALUES('da476ede-659e-4e06-8020-aa0d027e6aef','Paraquat (1×10-3 M)','');
INSERT INTO chemical VALUES('f3d03646-88fd-4148-8c48-e6e06b222c1c','Paraquat (1×10-4 M)','');
INSERT INTO chemical VALUES('fdae9759-b35e-4181-94e9-caafc345fc9e','Furfural','');
INSERT INTO chemical VALUES('d2f35d50-23ee-473d-9b69-47229924d12c','Paraquat (1×10-6 M)','');
INSERT INTO chemical VALUES('1f41d9e4-9471-4e46-a2d6-64bc3725062f','Paraquat (1×10-7 M)','');
INSERT INTO chemical VALUES('ade4771f-0e93-4ec9-9273-1fee07954c39','Paraquat (1×10-5 M)','');
INSERT INTO chemical VALUES('b8953515-0cb4-446a-b3c4-a8e2755c990b','Crystal violet','');
INSERT INTO chemical VALUES('e1ebd46e-4569-4412-9ace-a3273c1419cb','Cypermethrin (1×10-2 M)','');
INSERT INTO chemical VALUES('0b47fb39-fa3c-42f1-8b25-523dbf8d55cd','Cypermethrin (1×10-3 M)','');
INSERT INTO chemical VALUES('0a7f46f7-a004-4545-a9d3-bff554bc32e1','Cypermethrin (1×10-1 M)','');
INSERT INTO chemical VALUES('febb87bf-e357-4464-ba6c-9807135bed59','CBN (0.5 PPM)','');
INSERT INTO chemical VALUES('04e5e2ad-a61e-4845-bee8-8d0770e8b139','Cypermethrin (1×10-6 M)','');
INSERT INTO chemical VALUES('f4e74d61-d239-4bcf-8e3d-b2c656b56d48','Cypermethrin (1×10-7 M)','');
INSERT INTO chemical VALUES('be36598e-be70-4b3f-adc4-9692f184622f','Carbaryl (1×10-1 M)','');
INSERT INTO chemical VALUES('4c58d480-f2cd-4620-9485-0f2c5c6fd12b','Carbaryl (1×10-2 M)','');
INSERT INTO chemical VALUES('1b21c2c8-fbb2-46d9-80b8-beec4c9ccbf7','Carbaryl (1×10-3 M)','');
INSERT INTO chemical VALUES('d437bdc3-966a-405b-8ea7-33ac767cc2c7','Cypermethrin (1×10-4 M)','');
INSERT INTO chemical VALUES('67748d15-b3c3-451a-a621-dae2be1a8256','Carbaryl (1×10-5 M)','');
INSERT INTO chemical VALUES('c24b3cad-3ab2-43f7-a60f-4e2b0e3e0485','Carbaryl (1×10-6 M)','');
INSERT INTO chemical VALUES('e7e628a5-b423-406a-b124-5e353134c6ed','Carbaryl (1×10-7 M)','');
INSERT INTO chemical VALUES('328c1ca9-16e0-408c-8175-de072d21533b','Chlorpyrifos','');
INSERT INTO chemical VALUES('6f70f88c-4f3c-427c-b6a0-2aa152ed950d','Chlorpyrifos (1×10-1 M)','');
INSERT INTO chemical VALUES('1591459e-0e88-4c63-9953-778cb387083d','Paraquat (1×10-8 M)','');
INSERT INTO chemical VALUES('25591569-5b76-4fee-a5ad-427619f8edea','Chlorpyrifos (1×10-3 M)','');
INSERT INTO chemical VALUES('07b26967-7332-4e8a-8faf-ce6930b3fae9','Chlorpyrifos (1×10-4 M)','');
INSERT INTO chemical VALUES('8870d35b-a5cb-4da7-b954-a636d55a0737','Chlorpyrifos (1×10-5 M)','');
INSERT INTO chemical VALUES('da92a19c-9cc4-486e-9f4c-e2a400fc8026','Methyl Parathion','');
INSERT INTO chemical VALUES('932eb242-a657-4489-a9ef-8d1083640dbd','Carbaryl (1×10-4 M)','');
INSERT INTO chemical VALUES('ac63a7b4-d798-48f1-a397-269081ff702c','Glyphosate','');
INSERT INTO chemical VALUES('7ced73bc-bee2-4414-852a-d8374f7fd1a4','Paraquat (5×10-7 M)','');
INSERT INTO chemical VALUES('ee982057-e627-49a4-8d22-b76730292fc6','Paraquat (2.5×10-7 M)','');
INSERT INTO chemical VALUES('896857e7-875a-43ff-9eaf-9e4eaefd1ec0','Formalin 1000 ug/l','');
INSERT INTO chemical VALUES('58c2dd73-7346-416b-8dde-c6fffe8bdcb6','Cypermethrin (1×10-5 M)','');
INSERT INTO chemical VALUES('9c4d94f0-07ec-474b-8ac7-212c086527d4','Norfloxacin','');
INSERT INTO chemical VALUES('7941b4e1-2122-44a7-9a3c-77d4519c138e','Chlorpyrifos (1×10-2 M)','');
INSERT INTO chemical VALUES('bf0407f1-e686-4593-9963-c145da6bc065','Sulfamethoxazole','');
INSERT INTO chemical VALUES('c4e17dd9-81a6-4737-9307-024ac311d9a1','Oxytetracycline','');
INSERT INTO chemical VALUES('d0278a24-ddf3-4e53-bbf9-5d65e2e1f705','Uric acid','');
INSERT INTO chemical VALUES('9e8747c7-2f9b-4929-9289-0078ae07c932','Calcium oxalate','');
INSERT INTO chemical VALUES('74858714-2f68-45e7-84e5-ac616d1b50ff','Calcium phosphate','');
INSERT INTO chemical VALUES('159d15ae-b40c-44bd-86c4-e3e3b7abd1cf','Dengue fever/DF','');
INSERT INTO chemical VALUES('0d7192f3-c56f-4b71-8d34-b59ae3bb93a7','Dengue hemorrhagic fever/DHF','');
INSERT INTO chemical VALUES('ceeb59ec-5a3a-4cc7-9a0c-bf5e21570238','Paracetamol','');
INSERT INTO chemical VALUES('1f256a9d-d9b9-4280-b82d-8b080e39e089','Paraqaut','');
INSERT INTO chemical VALUES('7a4039aa-b1b3-4e21-a320-3dae4bef0e38','Ibuprofen','');
INSERT INTO chemical VALUES('a0bf74d5-cd6c-4f92-a2c7-e943288be486','Pefloxacin','');
INSERT INTO chemical VALUES('a6eecafd-4602-4c60-968f-0f706c008e26','Graphene/Cu ','');
INSERT INTO chemical VALUES('21c3b21b-6635-4c7f-a866-4d8ad6ab83f2','Graphene/Ni','');
INSERT INTO chemical VALUES('0c004b56-afd7-4640-86bb-239c79322f71','Graphene/SOG','');
INSERT INTO chemical VALUES('1bc38edd-1d3e-451b-ac88-f429f78c7661','Polyimide ','');
INSERT INTO chemical VALUES('9d7bdfc5-7431-4c85-91dc-26a9b8ea14d7','Diclofenac','');
INSERT INTO chemical VALUES('a5c96546-6b13-4da9-9178-0a316b4034a9','Enrofloxacin','');
INSERT INTO chemical VALUES('3006a066-be64-4d54-8084-881ed5132ae1','Natural rubber','');
INSERT INTO chemical VALUES('94527628-a6a8-40b1-b97a-9fca2b2d8aaa','GO','');
INSERT INTO chemical VALUES('8961185a-41bc-4563-b6de-bae29b24679b','rGO','');
INSERT INTO chemical VALUES('09134df0-c76f-4354-99e0-aa2edfb527ba','Mxene','');
INSERT INTO chemical VALUES('5b5a31b5-ceaf-4518-946e-d606b6803d86','Antimony ','');
INSERT INTO chemical VALUES('91576bfe-7217-4c82-9b52-2bfea3d3d7b3','Graphene','');
INSERT INTO chemical VALUES('f4410ae1-a159-40f5-887d-2ce476ef2bb1','PDMS','');
INSERT INTO chemical VALUES('9117845f-3427-41d4-af8a-7d742df6c49e','Boron','');
INSERT INTO chemical VALUES('2c02f872-0c25-46cf-9c6e-d4dc21f7f63e','Plastic PE','');
INSERT INTO chemical VALUES('2fc03564-df16-4a76-b697-bb444103d964','Silicon wafer','');
INSERT INTO chemical VALUES('22a2becf-2adb-449f-a359-fc6520be1f31','Graphene/Si','');
INSERT INTO chemical VALUES('bdca4aac-5de7-40f2-863e-e0aa94bebb89','Glucose','');
INSERT INTO chemical VALUES('942a1da4-cf61-4600-8450-0c64c4462540','Polypropylene',NULL);
CREATE TABLE IF NOT EXISTS "user" ("id" varchar PRIMARY KEY NOT NULL, "email" varchar, "user" json NOT NULL, "organizationId" varchar, "isActive" boolean NOT NULL DEFAULT (0), "preferredUsername" varchar NOT NULL, "familyName" varchar NOT NULL, "create_at" datetime NOT NULL DEFAULT (datetime('now')), "update_at" datetime DEFAULT (datetime('now')), "name" varchar NOT NULL, "givenName" varchar NOT NULL, CONSTRAINT "FK_dfda472c0af7812401e592b6a61" FOREIGN KEY ("organizationId") REFERENCES "organization" ("id") ON DELETE NO ACTION ON UPDATE NO ACTION);
INSERT INTO user VALUES('78a5fb56-8b9b-4f92-afdb-4f5956e2be34','wissarut.sangjong@nectec.or.th','{"exp":1735184734,"iat":1735184434,"auth_time":1735180080,"jti":"a8dbd1f4-989c-4806-b831-06b1ce4f02d2","iss":"https://id.meca.in.th/auth/realms/social","aud":"account","sub":"78a5fb56-8b9b-4f92-afdb-4f5956e2be34","typ":"Bearer","azp":"thz","nonce":"c2e632ab-0025-4ef1-8110-9bd2219abb14","session_state":"60647557-93a8-4090-9025-f73280142f36","acr":"0","allowed-origins":["*"],"realm_access":{"roles":["default-roles-social","offline_access","uma_authorization"]},"resource_access":{"account":{"roles":["manage-account","manage-account-links","view-profile"]}},"scope":"openid profile email","sid":"60647557-93a8-4090-9025-f73280142f36","email_verified":false,"name":"wissarut sangjong","preferred_username":"005907","given_name":"wissarut","family_name":"sangjong","email":"wissarut.sangjong@nectec.or.th"}','5a34ed34-6db2-4a22-a4b3-777dc300391e',0,'005907','sangjong','2024-12-17 04:57:50','2024-12-26 03:40:33','wissarut sangjong','wissarut');
CREATE TABLE IF NOT EXISTS "experiment" ("id" varchar PRIMARY KEY NOT NULL, "userId" varchar, "sampleId" varchar, "organizationId" varchar, "techniqueId" varchar, "createAt" datetime NOT NULL DEFAULT (datetime('now')), "updateAt" datetime DEFAULT (datetime('now')), "name" varchar NOT NULL, "equipmentTypeId" varchar, "instrumentId" varchar, CONSTRAINT "UQ_a28cdfdfe9377995bb5b792a025" UNIQUE ("name"), CONSTRAINT "FK_912f3f19494e80b6cb91dbc9bf2" FOREIGN KEY ("instrumentId") REFERENCES "instrument" ("id") ON DELETE NO ACTION ON UPDATE NO ACTION, CONSTRAINT "FK_3c092842ef313b1dc4ad99c91a3" FOREIGN KEY ("equipmentTypeId") REFERENCES "equipment_type" ("id") ON DELETE NO ACTION ON UPDATE NO ACTION, CONSTRAINT "FK_a968dced2748a865538bcbfae7c" FOREIGN KEY ("techniqueId") REFERENCES "technique" ("id") ON DELETE NO ACTION ON UPDATE NO ACTION, CONSTRAINT "FK_0426779bd58d26cbe832c9af800" FOREIGN KEY ("organizationId") REFERENCES "organization" ("id") ON DELETE NO ACTION ON UPDATE NO ACTION, CONSTRAINT "FK_b773f55f3d5afe549e96ddc2915" FOREIGN KEY ("sampleId") REFERENCES "sample" ("id") ON DELETE NO ACTION ON UPDATE NO ACTION, CONSTRAINT "FK_efd004fa410567831df8dd764fb" FOREIGN KEY ("userId") REFERENCES "user" ("id") ON DELETE NO ACTION ON UPDATE NO ACTION);
INSERT INTO experiment VALUES('bcf3a00f-0811-4cc4-a85f-0c13340d327a','78a5fb56-8b9b-4f92-afdb-4f5956e2be34','36a7c5fa-2cb4-4134-b2df-e2aa5130dbd8','5a34ed34-6db2-4a22-a4b3-777dc300391e','8a540de6-64ae-4879-bd85-e8b2311493b8','2024-12-17 05:00:45','2024-12-17 09:46:25','raman 4-MBA','cfa96dad-5a28-4b63-9c5a-e0c9aaf3fa4f','18947676-397d-432b-8b1c-b3b393280b0c');
INSERT INTO experiment VALUES('1f561d12-d4f8-48cb-a0f6-2823b3438a26','78a5fb56-8b9b-4f92-afdb-4f5956e2be34','d48aec3c-2f54-4853-9d3c-af8d5664680f','5a34ed34-6db2-4a22-a4b3-777dc300391e','8a540de6-64ae-4879-bd85-e8b2311493b8','2024-12-17 05:07:25','2024-12-17 09:46:25','raman crystal violet','cfa96dad-5a28-4b63-9c5a-e0c9aaf3fa4f','18947676-397d-432b-8b1c-b3b393280b0c');
INSERT INTO experiment VALUES('d112dd5c-cb6e-4485-9cef-052edb3449d5','78a5fb56-8b9b-4f92-afdb-4f5956e2be34','045f72ec-5295-4ca2-b097-9eb2a8cd48e5','5a34ed34-6db2-4a22-a4b3-777dc300391e','8a540de6-64ae-4879-bd85-e8b2311493b8','2024-12-17 05:09:31','2024-12-17 09:46:25','raman r6g','cfa96dad-5a28-4b63-9c5a-e0c9aaf3fa4f','18947676-397d-432b-8b1c-b3b393280b0c');
INSERT INTO experiment VALUES('8267f3ae-1298-442c-83ce-442e633c2ec2','78a5fb56-8b9b-4f92-afdb-4f5956e2be34','d99f7860-8247-43a6-a393-8f11e125b192','5a34ed34-6db2-4a22-a4b3-777dc300391e','8a540de6-64ae-4879-bd85-e8b2311493b8','2024-12-17 05:13:56','2024-12-17 09:46:25','raman citric acid','cfa96dad-5a28-4b63-9c5a-e0c9aaf3fa4f','18947676-397d-432b-8b1c-b3b393280b0c');
INSERT INTO experiment VALUES('7828a4bd-6781-402d-be79-95902b1cd65f','78a5fb56-8b9b-4f92-afdb-4f5956e2be34','27eb2cc7-5bc3-41a8-a904-e154843d7d0f','5a34ed34-6db2-4a22-a4b3-777dc300391e','8a540de6-64ae-4879-bd85-e8b2311493b8','2024-12-17 05:16:24','2024-12-17 09:46:25','raman r6g (1×10-5 m)','cfa96dad-5a28-4b63-9c5a-e0c9aaf3fa4f','18947676-397d-432b-8b1c-b3b393280b0c');
INSERT INTO experiment VALUES('6dadfc93-c125-436f-a24b-c44d915c022d','78a5fb56-8b9b-4f92-afdb-4f5956e2be34','31bc7499-8a7d-4a89-be22-da2ba9048f96','5a34ed34-6db2-4a22-a4b3-777dc300391e','8a540de6-64ae-4879-bd85-e8b2311493b8','2024-12-17 05:19:21','2024-12-17 09:46:25','raman cbd (100 ppm)','cfa96dad-5a28-4b63-9c5a-e0c9aaf3fa4f','18947676-397d-432b-8b1c-b3b393280b0c');
INSERT INTO experiment VALUES('6ea7cdef-2c96-4907-be38-fd9509db4a30','78a5fb56-8b9b-4f92-afdb-4f5956e2be34','3306fc9e-e310-4e85-96bb-ad9e7d749a4e','5a34ed34-6db2-4a22-a4b3-777dc300391e','8a540de6-64ae-4879-bd85-e8b2311493b8','2024-12-17 06:46:04','2024-12-17 09:46:25','raman cbn (100 ppm)','cfa96dad-5a28-4b63-9c5a-e0c9aaf3fa4f','18947676-397d-432b-8b1c-b3b393280b0c');
INSERT INTO experiment VALUES('c6c3adab-da99-48b1-bad7-0cbc4a730a9f','78a5fb56-8b9b-4f92-afdb-4f5956e2be34','fdc6fcbf-616f-4b2c-b2dc-040cdee12bd9','5a34ed34-6db2-4a22-a4b3-777dc300391e','8a540de6-64ae-4879-bd85-e8b2311493b8','2024-12-17 06:47:25','2024-12-17 09:46:25','raman thc (100 ppm)','cfa96dad-5a28-4b63-9c5a-e0c9aaf3fa4f','18947676-397d-432b-8b1c-b3b393280b0c');
INSERT INTO experiment VALUES('c9a515b9-0bd2-4ad5-8a13-4f6a54b20378','78a5fb56-8b9b-4f92-afdb-4f5956e2be34','0dba1c26-608a-4df3-a6ac-3a9963b19c5e','5a34ed34-6db2-4a22-a4b3-777dc300391e','8a540de6-64ae-4879-bd85-e8b2311493b8','2024-12-17 06:47:31','2024-12-17 09:46:25','raman thc (10 ppm)','cfa96dad-5a28-4b63-9c5a-e0c9aaf3fa4f','18947676-397d-432b-8b1c-b3b393280b0c');
INSERT INTO experiment VALUES('3d305094-d4e8-4c47-b9af-e0ffc98ec72e','78a5fb56-8b9b-4f92-afdb-4f5956e2be34','6278bfdf-981e-4d66-b796-a4de01f948af','5a34ed34-6db2-4a22-a4b3-777dc300391e','8a540de6-64ae-4879-bd85-e8b2311493b8','2024-12-17 06:47:41','2024-12-17 09:46:25','raman cbn (1 ppm)','cfa96dad-5a28-4b63-9c5a-e0c9aaf3fa4f','18947676-397d-432b-8b1c-b3b393280b0c');
INSERT INTO experiment VALUES('54d31fe1-54d8-4687-9cd0-f5d8d4a0fe5d','78a5fb56-8b9b-4f92-afdb-4f5956e2be34','d3523b9c-63bb-4f85-9d8f-265d2888b360','5a34ed34-6db2-4a22-a4b3-777dc300391e','8a540de6-64ae-4879-bd85-e8b2311493b8','2024-12-17 06:47:47','2024-12-17 09:46:25','raman cbn (0.5 ppm)','cfa96dad-5a28-4b63-9c5a-e0c9aaf3fa4f','18947676-397d-432b-8b1c-b3b393280b0c');
INSERT INTO experiment VALUES('6734682e-3fe9-43e7-a376-3773fa330288','78a5fb56-8b9b-4f92-afdb-4f5956e2be34','4627219d-7a86-47d1-a8f0-3bbb43eea20e','5a34ed34-6db2-4a22-a4b3-777dc300391e','8a540de6-64ae-4879-bd85-e8b2311493b8','2024-12-17 06:47:51','2024-12-17 09:46:25','raman cbn (0.25 ppm)','cfa96dad-5a28-4b63-9c5a-e0c9aaf3fa4f','18947676-397d-432b-8b1c-b3b393280b0c');
INSERT INTO experiment VALUES('f5b1eb63-2efa-4f76-b55c-8bbcbd243cf7','78a5fb56-8b9b-4f92-afdb-4f5956e2be34','1e518afa-ed49-46b6-a6f4-8d5f090cfd38','5a34ed34-6db2-4a22-a4b3-777dc300391e','8a540de6-64ae-4879-bd85-e8b2311493b8','2024-12-17 07:15:12','2024-12-17 09:46:25','raman paraquat (1×10-1 m)','cfa96dad-5a28-4b63-9c5a-e0c9aaf3fa4f','18947676-397d-432b-8b1c-b3b393280b0c');
INSERT INTO experiment VALUES('30e25e82-86b1-49a1-ab33-e177c278a912','78a5fb56-8b9b-4f92-afdb-4f5956e2be34','dcacd9b4-e0cb-4784-b416-075acd60742e','5a34ed34-6db2-4a22-a4b3-777dc300391e','8a540de6-64ae-4879-bd85-e8b2311493b8','2024-12-17 07:15:17','2024-12-17 09:46:25','raman paraquat (1×10-2 m)','cfa96dad-5a28-4b63-9c5a-e0c9aaf3fa4f','18947676-397d-432b-8b1c-b3b393280b0c');
INSERT INTO experiment VALUES('182383dc-4d31-457b-9494-80c16b9a5b36','78a5fb56-8b9b-4f92-afdb-4f5956e2be34','f333dcde-c85c-4819-af55-a30fad1469ad','5a34ed34-6db2-4a22-a4b3-777dc300391e','8a540de6-64ae-4879-bd85-e8b2311493b8','2024-12-17 07:15:21','2024-12-17 09:46:25','raman paraquat (1×10-3 m)','cfa96dad-5a28-4b63-9c5a-e0c9aaf3fa4f','18947676-397d-432b-8b1c-b3b393280b0c');
INSERT INTO experiment VALUES('c87c4735-4d94-4d0f-a487-f9a100adc172','78a5fb56-8b9b-4f92-afdb-4f5956e2be34','691a735e-6c9d-47f9-93f7-348dfdcf6bbf','5a34ed34-6db2-4a22-a4b3-777dc300391e','8a540de6-64ae-4879-bd85-e8b2311493b8','2024-12-17 07:15:24','2024-12-17 09:46:25','raman paraquat (1×10-4 m)','cfa96dad-5a28-4b63-9c5a-e0c9aaf3fa4f','18947676-397d-432b-8b1c-b3b393280b0c');
INSERT INTO experiment VALUES('3538e873-f766-4cff-afbc-9eab865409eb','78a5fb56-8b9b-4f92-afdb-4f5956e2be34','2eda3fe5-c0a4-4872-ab6a-368a953d1cc1','5a34ed34-6db2-4a22-a4b3-777dc300391e','8a540de6-64ae-4879-bd85-e8b2311493b8','2024-12-17 07:15:27','2024-12-17 09:46:25','raman paraquat (1×10-5 m)','cfa96dad-5a28-4b63-9c5a-e0c9aaf3fa4f','18947676-397d-432b-8b1c-b3b393280b0c');
INSERT INTO experiment VALUES('92bff9b6-70a1-4254-b248-fa4bcee780c5','78a5fb56-8b9b-4f92-afdb-4f5956e2be34','5ba0085e-da79-4265-86bc-7c2d98323ccd','5a34ed34-6db2-4a22-a4b3-777dc300391e','8a540de6-64ae-4879-bd85-e8b2311493b8','2024-12-17 07:15:30','2024-12-17 09:46:25','raman paraquat (1×10-6 m)','cfa96dad-5a28-4b63-9c5a-e0c9aaf3fa4f','18947676-397d-432b-8b1c-b3b393280b0c');
INSERT INTO experiment VALUES('57c39c26-b073-46f1-a521-1faf9fbaa2c5','78a5fb56-8b9b-4f92-afdb-4f5956e2be34','2d2a6f44-c757-4d2f-ad63-7641a4fa9dde','5a34ed34-6db2-4a22-a4b3-777dc300391e','8a540de6-64ae-4879-bd85-e8b2311493b8','2024-12-17 07:15:33','2024-12-17 09:46:25','raman paraquat (1×10-7 m)','cfa96dad-5a28-4b63-9c5a-e0c9aaf3fa4f','18947676-397d-432b-8b1c-b3b393280b0c');
INSERT INTO experiment VALUES('246972c0-9729-4458-b74c-0c8fde54a749','78a5fb56-8b9b-4f92-afdb-4f5956e2be34','2bc75d0f-549d-4e09-90bf-b7ba8d2d698b','5a34ed34-6db2-4a22-a4b3-777dc300391e','8a540de6-64ae-4879-bd85-e8b2311493b8','2024-12-17 07:15:35','2024-12-17 09:46:25','raman paraquat (1×10-8 m)','cfa96dad-5a28-4b63-9c5a-e0c9aaf3fa4f','18947676-397d-432b-8b1c-b3b393280b0c');
INSERT INTO experiment VALUES('ca3c8e10-8c66-432e-b1c6-d31049d78025','78a5fb56-8b9b-4f92-afdb-4f5956e2be34','9b96e0ab-3dbd-4cd5-ad12-14dac801c712','5a34ed34-6db2-4a22-a4b3-777dc300391e','8a540de6-64ae-4879-bd85-e8b2311493b8','2024-12-17 07:22:11','2024-12-17 09:46:25','raman cypermethrin (1×10-1 m)','cfa96dad-5a28-4b63-9c5a-e0c9aaf3fa4f','18947676-397d-432b-8b1c-b3b393280b0c');
INSERT INTO experiment VALUES('b0311ac1-2519-4c11-b42c-8a8f7f92e50a','78a5fb56-8b9b-4f92-afdb-4f5956e2be34','63c7887b-c360-4bb4-9c5f-869e7b37e193','5a34ed34-6db2-4a22-a4b3-777dc300391e','8a540de6-64ae-4879-bd85-e8b2311493b8','2024-12-17 07:22:15','2024-12-17 09:46:25','raman cypermethrin (1×10-2 m)','cfa96dad-5a28-4b63-9c5a-e0c9aaf3fa4f','18947676-397d-432b-8b1c-b3b393280b0c');
INSERT INTO experiment VALUES('dd98fde4-61a1-4d26-ba4d-b304f4645e72','78a5fb56-8b9b-4f92-afdb-4f5956e2be34','31a16edd-56c0-4ccd-bf5a-52928282a397','5a34ed34-6db2-4a22-a4b3-777dc300391e','8a540de6-64ae-4879-bd85-e8b2311493b8','2024-12-17 07:22:18','2024-12-17 09:46:25','raman cypermethrin (1×10-3 m)','cfa96dad-5a28-4b63-9c5a-e0c9aaf3fa4f','18947676-397d-432b-8b1c-b3b393280b0c');
INSERT INTO experiment VALUES('06752d04-d69e-448b-8e63-0b5c22bb3f69','78a5fb56-8b9b-4f92-afdb-4f5956e2be34','ad10c5df-caa4-4e52-8913-53b8f5808e16','5a34ed34-6db2-4a22-a4b3-777dc300391e','8a540de6-64ae-4879-bd85-e8b2311493b8','2024-12-17 07:22:20','2024-12-17 09:46:25','raman cypermethrin (1×10-4 m)','cfa96dad-5a28-4b63-9c5a-e0c9aaf3fa4f','18947676-397d-432b-8b1c-b3b393280b0c');
INSERT INTO experiment VALUES('5086fe73-df2f-43f7-8f30-627533dd5d44','78a5fb56-8b9b-4f92-afdb-4f5956e2be34','27aa2c75-595b-403d-bcf1-12444080c292','5a34ed34-6db2-4a22-a4b3-777dc300391e','8a540de6-64ae-4879-bd85-e8b2311493b8','2024-12-17 07:22:23','2024-12-17 09:46:26','raman cypermethrin (1×10-5 m)','cfa96dad-5a28-4b63-9c5a-e0c9aaf3fa4f','18947676-397d-432b-8b1c-b3b393280b0c');
INSERT INTO experiment VALUES('a9fa203e-b237-47e1-9174-65c6bb1bba5d','78a5fb56-8b9b-4f92-afdb-4f5956e2be34','dddda00c-762e-4c2c-bb9b-6e91d818feb4','5a34ed34-6db2-4a22-a4b3-777dc300391e','8a540de6-64ae-4879-bd85-e8b2311493b8','2024-12-17 07:22:26','2024-12-17 09:46:26','raman cypermethrin (1×10-6 m)','cfa96dad-5a28-4b63-9c5a-e0c9aaf3fa4f','18947676-397d-432b-8b1c-b3b393280b0c');
INSERT INTO experiment VALUES('16d41549-c3d4-44e5-b406-ed6b85ea93e0','78a5fb56-8b9b-4f92-afdb-4f5956e2be34','d11a5e04-6953-41c8-9091-320b8f257ec3','5a34ed34-6db2-4a22-a4b3-777dc300391e','8a540de6-64ae-4879-bd85-e8b2311493b8','2024-12-17 07:22:28','2024-12-17 09:46:26','raman cypermethrin (1×10-7 m)','cfa96dad-5a28-4b63-9c5a-e0c9aaf3fa4f','18947676-397d-432b-8b1c-b3b393280b0c');
INSERT INTO experiment VALUES('6a29939f-1563-49ec-84f3-7de6cfa56d65','78a5fb56-8b9b-4f92-afdb-4f5956e2be34','6decf758-491b-49ae-aeb1-dfd14bcb2918','5a34ed34-6db2-4a22-a4b3-777dc300391e','8a540de6-64ae-4879-bd85-e8b2311493b8','2024-12-17 07:22:42','2024-12-17 09:46:26','raman carbaryl (1×10-1 m)','cfa96dad-5a28-4b63-9c5a-e0c9aaf3fa4f','18947676-397d-432b-8b1c-b3b393280b0c');
INSERT INTO experiment VALUES('4b27eae8-66a2-49d1-8267-286e9c153e30','78a5fb56-8b9b-4f92-afdb-4f5956e2be34','0835d8fe-6258-4842-aedd-545d1ad77d71','5a34ed34-6db2-4a22-a4b3-777dc300391e','8a540de6-64ae-4879-bd85-e8b2311493b8','2024-12-17 07:22:44','2024-12-17 09:46:26','raman carbaryl (1×10-2 m)','cfa96dad-5a28-4b63-9c5a-e0c9aaf3fa4f','18947676-397d-432b-8b1c-b3b393280b0c');
INSERT INTO experiment VALUES('886d1023-273a-4830-9dfd-5586bbed13d4','78a5fb56-8b9b-4f92-afdb-4f5956e2be34','f2fdfd39-4b33-4c5c-aeb8-d278e3910cc1','5a34ed34-6db2-4a22-a4b3-777dc300391e','8a540de6-64ae-4879-bd85-e8b2311493b8','2024-12-17 07:22:47','2024-12-17 09:46:26','raman carbaryl (1×10-3 m)','cfa96dad-5a28-4b63-9c5a-e0c9aaf3fa4f','18947676-397d-432b-8b1c-b3b393280b0c');
INSERT INTO experiment VALUES('17e6f422-bc57-4f5e-aeea-bd2ff7263564','78a5fb56-8b9b-4f92-afdb-4f5956e2be34','2a8afafd-99bb-4ed3-a6a9-4705679a3fdb','5a34ed34-6db2-4a22-a4b3-777dc300391e','8a540de6-64ae-4879-bd85-e8b2311493b8','2024-12-17 07:22:50','2024-12-17 09:46:26','raman carbaryl (1×10-4 m)','cfa96dad-5a28-4b63-9c5a-e0c9aaf3fa4f','18947676-397d-432b-8b1c-b3b393280b0c');
INSERT INTO experiment VALUES('4bc0a389-e56e-4cd9-8537-a5e9989ed60f','78a5fb56-8b9b-4f92-afdb-4f5956e2be34','97977cd2-9808-442c-a855-ce95b00f4cd0','5a34ed34-6db2-4a22-a4b3-777dc300391e','8a540de6-64ae-4879-bd85-e8b2311493b8','2024-12-17 07:22:53','2024-12-17 09:46:26','raman carbaryl (1×10-5 m)','cfa96dad-5a28-4b63-9c5a-e0c9aaf3fa4f','18947676-397d-432b-8b1c-b3b393280b0c');
INSERT INTO experiment VALUES('c58e9c72-0875-450f-aa2c-6b802168d68c','78a5fb56-8b9b-4f92-afdb-4f5956e2be34','99b10f01-b421-4009-9017-575c01804779','5a34ed34-6db2-4a22-a4b3-777dc300391e','8a540de6-64ae-4879-bd85-e8b2311493b8','2024-12-17 07:22:55','2024-12-17 09:46:26','raman carbaryl (1×10-6 m)','cfa96dad-5a28-4b63-9c5a-e0c9aaf3fa4f','18947676-397d-432b-8b1c-b3b393280b0c');
INSERT INTO experiment VALUES('61d7511d-33de-4dab-8e29-2d676094af8b','78a5fb56-8b9b-4f92-afdb-4f5956e2be34','ef720708-804c-4eda-ab29-91b57e12d42a','5a34ed34-6db2-4a22-a4b3-777dc300391e','8a540de6-64ae-4879-bd85-e8b2311493b8','2024-12-17 07:22:58','2024-12-17 09:46:26','raman carbaryl (1×10-7 m)','cfa96dad-5a28-4b63-9c5a-e0c9aaf3fa4f','18947676-397d-432b-8b1c-b3b393280b0c');
INSERT INTO experiment VALUES('35d94c4d-3664-498d-8ba9-2722c0034547','78a5fb56-8b9b-4f92-afdb-4f5956e2be34','cef061ba-1931-4028-9f57-c959a206b63a','5a34ed34-6db2-4a22-a4b3-777dc300391e','8a540de6-64ae-4879-bd85-e8b2311493b8','2024-12-17 07:26:27','2024-12-17 09:46:26','raman chlorpyrifos [powder]','cfa96dad-5a28-4b63-9c5a-e0c9aaf3fa4f','18947676-397d-432b-8b1c-b3b393280b0c');
INSERT INTO experiment VALUES('54f9d859-c3e0-48e2-bc4f-38e4c74f5ff0','78a5fb56-8b9b-4f92-afdb-4f5956e2be34','1cc3c0c0-33c8-41b3-9d0b-a7a84d84390a','5a34ed34-6db2-4a22-a4b3-777dc300391e','8a540de6-64ae-4879-bd85-e8b2311493b8','2024-12-17 07:26:34','2024-12-17 09:46:26','raman chlorpyrifos (1×10-1 m)','cfa96dad-5a28-4b63-9c5a-e0c9aaf3fa4f','18947676-397d-432b-8b1c-b3b393280b0c');
INSERT INTO experiment VALUES('47d9dd65-1872-4e4a-9bff-961986fbfb52','78a5fb56-8b9b-4f92-afdb-4f5956e2be34','7869cd70-6c74-499e-9b0f-716e05e38542','5a34ed34-6db2-4a22-a4b3-777dc300391e','8a540de6-64ae-4879-bd85-e8b2311493b8','2024-12-17 07:26:37','2024-12-17 09:46:26','raman chlorpyrifos (1×10-2 m)','cfa96dad-5a28-4b63-9c5a-e0c9aaf3fa4f','18947676-397d-432b-8b1c-b3b393280b0c');
INSERT INTO experiment VALUES('77a36e14-f373-4674-bf2f-d7099084ae55','78a5fb56-8b9b-4f92-afdb-4f5956e2be34','7644775e-2e86-4620-9216-3cc81163659d','5a34ed34-6db2-4a22-a4b3-777dc300391e','8a540de6-64ae-4879-bd85-e8b2311493b8','2024-12-17 07:26:39','2024-12-17 09:46:26','raman chlorpyrifos (1×10-3 m)','cfa96dad-5a28-4b63-9c5a-e0c9aaf3fa4f','18947676-397d-432b-8b1c-b3b393280b0c');
INSERT INTO experiment VALUES('b0e7e9dd-a3fe-4a57-bca4-d46efe89c4a5','78a5fb56-8b9b-4f92-afdb-4f5956e2be34','dfbe5160-0e91-449f-8733-3fa0175fe524','5a34ed34-6db2-4a22-a4b3-777dc300391e','8a540de6-64ae-4879-bd85-e8b2311493b8','2024-12-17 07:26:41','2024-12-17 09:46:26','raman chlorpyrifos (1×10-4 m)','cfa96dad-5a28-4b63-9c5a-e0c9aaf3fa4f','18947676-397d-432b-8b1c-b3b393280b0c');
INSERT INTO experiment VALUES('6bacee2d-acae-4f5f-9daa-be0238a24292','78a5fb56-8b9b-4f92-afdb-4f5956e2be34','22767299-0182-4cef-8f47-045a153eac79','5a34ed34-6db2-4a22-a4b3-777dc300391e','8a540de6-64ae-4879-bd85-e8b2311493b8','2024-12-17 07:26:44','2024-12-17 09:46:26','raman chlorpyrifos (1×10-5 m)','cfa96dad-5a28-4b63-9c5a-e0c9aaf3fa4f','18947676-397d-432b-8b1c-b3b393280b0c');
INSERT INTO experiment VALUES('63304b04-66cf-4bf6-b4d4-4dc1a169d4fc','78a5fb56-8b9b-4f92-afdb-4f5956e2be34','cb349c80-daff-4044-8c67-2dc37c9c2f4c','5a34ed34-6db2-4a22-a4b3-777dc300391e','8a540de6-64ae-4879-bd85-e8b2311493b8','2024-12-17 07:26:51','2024-12-17 09:46:26','raman methyl parathion','cfa96dad-5a28-4b63-9c5a-e0c9aaf3fa4f','18947676-397d-432b-8b1c-b3b393280b0c');
INSERT INTO experiment VALUES('65927928-e382-4b39-ae08-83028e35f5bf','78a5fb56-8b9b-4f92-afdb-4f5956e2be34','54c0c4fe-363d-4d2d-b82e-1844dbdd2777','5a34ed34-6db2-4a22-a4b3-777dc300391e','8a540de6-64ae-4879-bd85-e8b2311493b8','2024-12-17 07:27:01','2024-12-17 09:46:26','raman chlorpyrifos [solid]','cfa96dad-5a28-4b63-9c5a-e0c9aaf3fa4f','18947676-397d-432b-8b1c-b3b393280b0c');
INSERT INTO experiment VALUES('4b749bb5-2153-49a1-bde4-7e39fb67c555','78a5fb56-8b9b-4f92-afdb-4f5956e2be34','e224b126-38b3-4ce9-8e83-755a8d43bcbe','5a34ed34-6db2-4a22-a4b3-777dc300391e','8a540de6-64ae-4879-bd85-e8b2311493b8','2024-12-17 07:27:06','2024-12-17 09:46:26','raman paraqaut','cfa96dad-5a28-4b63-9c5a-e0c9aaf3fa4f','18947676-397d-432b-8b1c-b3b393280b0c');
INSERT INTO experiment VALUES('f1bda133-7934-4ad9-b9d3-be8c3ada320b','78a5fb56-8b9b-4f92-afdb-4f5956e2be34','5cbd0843-a413-4d46-abea-f246f706ae6a','5a34ed34-6db2-4a22-a4b3-777dc300391e','8a540de6-64ae-4879-bd85-e8b2311493b8','2024-12-17 07:27:10','2024-12-17 09:46:26','raman glyphosate','cfa96dad-5a28-4b63-9c5a-e0c9aaf3fa4f','18947676-397d-432b-8b1c-b3b393280b0c');
INSERT INTO experiment VALUES('cf983702-7d77-4e5d-93f3-597b577f84f4','78a5fb56-8b9b-4f92-afdb-4f5956e2be34','6331ae50-53f6-418c-b9b8-d9f4332fe848','5a34ed34-6db2-4a22-a4b3-777dc300391e','8a540de6-64ae-4879-bd85-e8b2311493b8','2024-12-17 07:27:44','2024-12-17 09:46:26','raman paraquat (5×10-7 m)','cfa96dad-5a28-4b63-9c5a-e0c9aaf3fa4f','18947676-397d-432b-8b1c-b3b393280b0c');
INSERT INTO experiment VALUES('98204335-ef8a-4e95-ad43-0c2317a6bb72','78a5fb56-8b9b-4f92-afdb-4f5956e2be34','a18549a1-acdb-4214-8833-c9701db757b4','5a34ed34-6db2-4a22-a4b3-777dc300391e','8a540de6-64ae-4879-bd85-e8b2311493b8','2024-12-17 07:27:47','2024-12-17 09:46:26','raman paraquat (2.5×10-7 m)','cfa96dad-5a28-4b63-9c5a-e0c9aaf3fa4f','18947676-397d-432b-8b1c-b3b393280b0c');
INSERT INTO experiment VALUES('9b8a7499-3c3f-46ba-96cd-283936b28000','78a5fb56-8b9b-4f92-afdb-4f5956e2be34','0f4ddf76-7ba1-4fdf-9b0b-d9f1e0868f00','5a34ed34-6db2-4a22-a4b3-777dc300391e','8a540de6-64ae-4879-bd85-e8b2311493b8','2024-12-17 07:27:53','2024-12-17 09:46:26','raman formalin 1000 ug/l','cfa96dad-5a28-4b63-9c5a-e0c9aaf3fa4f','18947676-397d-432b-8b1c-b3b393280b0c');
INSERT INTO experiment VALUES('a5e15fab-452f-46be-87a9-490514f0c11c','78a5fb56-8b9b-4f92-afdb-4f5956e2be34','f590ad2d-5291-478c-ac91-5ecc215a8e7c','5a34ed34-6db2-4a22-a4b3-777dc300391e','8a540de6-64ae-4879-bd85-e8b2311493b8','2024-12-17 07:36:46','2024-12-17 09:46:26','raman enrofloxacin','cfa96dad-5a28-4b63-9c5a-e0c9aaf3fa4f','18947676-397d-432b-8b1c-b3b393280b0c');
INSERT INTO experiment VALUES('c8141554-48a2-49c6-a8e5-3e3f912b08cb','78a5fb56-8b9b-4f92-afdb-4f5956e2be34','e992773f-a935-47a9-84d0-de43c0c77f06','5a34ed34-6db2-4a22-a4b3-777dc300391e','8a540de6-64ae-4879-bd85-e8b2311493b8','2024-12-17 07:36:52','2024-12-17 09:46:26','raman norfloxacin','cfa96dad-5a28-4b63-9c5a-e0c9aaf3fa4f','18947676-397d-432b-8b1c-b3b393280b0c');
INSERT INTO experiment VALUES('62dabc12-c97b-44d4-8496-4200c47ec33f','78a5fb56-8b9b-4f92-afdb-4f5956e2be34','fad082ff-9824-4bf4-a7eb-462c311b6618','5a34ed34-6db2-4a22-a4b3-777dc300391e','8a540de6-64ae-4879-bd85-e8b2311493b8','2024-12-17 07:36:56','2024-12-17 09:46:26','raman pefloxacin','cfa96dad-5a28-4b63-9c5a-e0c9aaf3fa4f','18947676-397d-432b-8b1c-b3b393280b0c');
INSERT INTO experiment VALUES('02c37273-a2e4-4b51-b7fb-7a626a84f0ae','78a5fb56-8b9b-4f92-afdb-4f5956e2be34','2b538336-1ba7-48a4-bb49-45da2d01c96d','5a34ed34-6db2-4a22-a4b3-777dc300391e','8a540de6-64ae-4879-bd85-e8b2311493b8','2024-12-17 07:37:00','2024-12-17 09:46:26','raman sulfamethoxazole','cfa96dad-5a28-4b63-9c5a-e0c9aaf3fa4f','18947676-397d-432b-8b1c-b3b393280b0c');
INSERT INTO experiment VALUES('bdf02f68-c089-4ad6-a4d1-c084e7be1e59','78a5fb56-8b9b-4f92-afdb-4f5956e2be34','bb145265-a38e-4e06-a73e-7724fdae4685','5a34ed34-6db2-4a22-a4b3-777dc300391e','8a540de6-64ae-4879-bd85-e8b2311493b8','2024-12-17 07:37:04','2024-12-17 09:46:26','raman oxytetracycline','cfa96dad-5a28-4b63-9c5a-e0c9aaf3fa4f','18947676-397d-432b-8b1c-b3b393280b0c');
INSERT INTO experiment VALUES('3aabb7a2-8881-4d1d-87ca-2eaeee5fd933','78a5fb56-8b9b-4f92-afdb-4f5956e2be34','d36c1800-b254-4ed1-ad23-35475b287f95','5a34ed34-6db2-4a22-a4b3-777dc300391e','8a540de6-64ae-4879-bd85-e8b2311493b8','2024-12-17 07:37:42','2024-12-17 09:46:26','raman glucose','cfa96dad-5a28-4b63-9c5a-e0c9aaf3fa4f','18947676-397d-432b-8b1c-b3b393280b0c');
INSERT INTO experiment VALUES('87bf3134-b0bf-4eab-a817-69cb2d226dd1','78a5fb56-8b9b-4f92-afdb-4f5956e2be34','38c3a426-1cf0-47c4-a5b3-0c3773afddfc','5a34ed34-6db2-4a22-a4b3-777dc300391e','8a540de6-64ae-4879-bd85-e8b2311493b8','2024-12-17 07:37:44','2024-12-17 09:46:26','raman fructose','cfa96dad-5a28-4b63-9c5a-e0c9aaf3fa4f','18947676-397d-432b-8b1c-b3b393280b0c');
INSERT INTO experiment VALUES('29df4d70-57f8-4946-b3ed-b91162307878','78a5fb56-8b9b-4f92-afdb-4f5956e2be34','2abad0ca-c4b4-46a7-8400-eab99e369652','5a34ed34-6db2-4a22-a4b3-777dc300391e','8a540de6-64ae-4879-bd85-e8b2311493b8','2024-12-17 07:37:48','2024-12-17 09:46:26','raman d-xylose','cfa96dad-5a28-4b63-9c5a-e0c9aaf3fa4f','18947676-397d-432b-8b1c-b3b393280b0c');
INSERT INTO experiment VALUES('6dcc5213-1e26-4b6a-a97d-72cea0f6dd23','78a5fb56-8b9b-4f92-afdb-4f5956e2be34','691bc3b2-d42d-41eb-b2ab-3ffab797ed0d','5a34ed34-6db2-4a22-a4b3-777dc300391e','8a540de6-64ae-4879-bd85-e8b2311493b8','2024-12-17 07:37:51','2024-12-17 09:46:26','raman l-xylose','cfa96dad-5a28-4b63-9c5a-e0c9aaf3fa4f','18947676-397d-432b-8b1c-b3b393280b0c');
INSERT INTO experiment VALUES('75219509-2f08-4a85-bf45-66c123077805','78a5fb56-8b9b-4f92-afdb-4f5956e2be34','88015734-4292-4e22-b614-7df76b635805','5a34ed34-6db2-4a22-a4b3-777dc300391e','8a540de6-64ae-4879-bd85-e8b2311493b8','2024-12-17 07:37:55','2024-12-17 09:46:26','raman arabinose','cfa96dad-5a28-4b63-9c5a-e0c9aaf3fa4f','18947676-397d-432b-8b1c-b3b393280b0c');
INSERT INTO experiment VALUES('7d917a09-3b99-4d7c-84a6-5a4e8d9ee75f','78a5fb56-8b9b-4f92-afdb-4f5956e2be34','fe292177-4f7a-47a7-9c19-1b8541d18c59','5a34ed34-6db2-4a22-a4b3-777dc300391e','8a540de6-64ae-4879-bd85-e8b2311493b8','2024-12-17 07:37:58','2024-12-17 09:46:26','raman sorbitol','cfa96dad-5a28-4b63-9c5a-e0c9aaf3fa4f','18947676-397d-432b-8b1c-b3b393280b0c');
INSERT INTO experiment VALUES('abd1eb48-197f-4ad7-b570-e571549777e2','78a5fb56-8b9b-4f92-afdb-4f5956e2be34','40ffc7eb-f397-4ecc-b1e4-84cad665390c','5a34ed34-6db2-4a22-a4b3-777dc300391e','8a540de6-64ae-4879-bd85-e8b2311493b8','2024-12-17 07:38:02','2024-12-17 09:46:26','raman xylitol','cfa96dad-5a28-4b63-9c5a-e0c9aaf3fa4f','18947676-397d-432b-8b1c-b3b393280b0c');
INSERT INTO experiment VALUES('25034e57-56dc-496f-adec-8b8baa6aed2c','78a5fb56-8b9b-4f92-afdb-4f5956e2be34','27f62e4c-1bb8-450a-8422-aa865d835e86','5a34ed34-6db2-4a22-a4b3-777dc300391e','8a540de6-64ae-4879-bd85-e8b2311493b8','2024-12-17 07:38:05','2024-12-17 09:46:26','raman fdca','cfa96dad-5a28-4b63-9c5a-e0c9aaf3fa4f','18947676-397d-432b-8b1c-b3b393280b0c');
INSERT INTO experiment VALUES('62510472-80d5-4ccc-b671-1c5299446687','78a5fb56-8b9b-4f92-afdb-4f5956e2be34','c92174f6-b089-4ef3-ad89-f07d33206735','5a34ed34-6db2-4a22-a4b3-777dc300391e','8a540de6-64ae-4879-bd85-e8b2311493b8','2024-12-17 07:38:10','2024-12-17 09:46:26','raman glycolic acid','cfa96dad-5a28-4b63-9c5a-e0c9aaf3fa4f','18947676-397d-432b-8b1c-b3b393280b0c');
INSERT INTO experiment VALUES('49cd2abb-51f5-4bb3-890b-292453683c29','78a5fb56-8b9b-4f92-afdb-4f5956e2be34','9486780f-53c7-4d0b-a0f8-9ce0d756bfd9','5a34ed34-6db2-4a22-a4b3-777dc300391e','8a540de6-64ae-4879-bd85-e8b2311493b8','2024-12-17 07:38:18','2024-12-17 09:46:26','raman citric acid [Biorefinery]','cfa96dad-5a28-4b63-9c5a-e0c9aaf3fa4f','18947676-397d-432b-8b1c-b3b393280b0c');
INSERT INTO experiment VALUES('3ac84105-588b-4844-a9d5-e17b046af015','78a5fb56-8b9b-4f92-afdb-4f5956e2be34','b11e6849-ecd8-4367-a5e2-b8cf7e92ae83','5a34ed34-6db2-4a22-a4b3-777dc300391e','8a540de6-64ae-4879-bd85-e8b2311493b8','2024-12-17 07:38:23','2024-12-17 09:46:26','raman succinic acid','cfa96dad-5a28-4b63-9c5a-e0c9aaf3fa4f','18947676-397d-432b-8b1c-b3b393280b0c');
INSERT INTO experiment VALUES('236d975d-fbfb-4a06-962e-82a2ca1e7eda','78a5fb56-8b9b-4f92-afdb-4f5956e2be34','246fbc59-901d-4673-8203-6584d2243858','5a34ed34-6db2-4a22-a4b3-777dc300391e','8a540de6-64ae-4879-bd85-e8b2311493b8','2024-12-17 07:38:28','2024-12-17 09:46:26','raman isosorbide','cfa96dad-5a28-4b63-9c5a-e0c9aaf3fa4f','18947676-397d-432b-8b1c-b3b393280b0c');
INSERT INTO experiment VALUES('1b653b9b-c674-4456-8f2c-b19c1fe7c8bd','78a5fb56-8b9b-4f92-afdb-4f5956e2be34','7ba560d8-ec2c-4efc-997e-e4f44ea5c715','5a34ed34-6db2-4a22-a4b3-777dc300391e','8a540de6-64ae-4879-bd85-e8b2311493b8','2024-12-17 07:38:31','2024-12-17 09:46:26','raman furfural','cfa96dad-5a28-4b63-9c5a-e0c9aaf3fa4f','18947676-397d-432b-8b1c-b3b393280b0c');
INSERT INTO experiment VALUES('285b2021-1a79-43f4-9859-3e0113d21bed','78a5fb56-8b9b-4f92-afdb-4f5956e2be34','51c8f915-58c7-4db4-82e3-c5138833d861','5a34ed34-6db2-4a22-a4b3-777dc300391e','8a540de6-64ae-4879-bd85-e8b2311493b8','2024-12-17 07:38:37','2024-12-17 09:46:26','raman furfuryl alcohol','cfa96dad-5a28-4b63-9c5a-e0c9aaf3fa4f','18947676-397d-432b-8b1c-b3b393280b0c');
INSERT INTO experiment VALUES('81f755e4-9405-4615-ac09-26d05dd95413','78a5fb56-8b9b-4f92-afdb-4f5956e2be34','1d471ae5-c198-4259-91cf-263613b93eba','5a34ed34-6db2-4a22-a4b3-777dc300391e','8a540de6-64ae-4879-bd85-e8b2311493b8','2024-12-17 07:38:40','2024-12-17 09:46:26','raman 5-hmf','cfa96dad-5a28-4b63-9c5a-e0c9aaf3fa4f','18947676-397d-432b-8b1c-b3b393280b0c');
INSERT INTO experiment VALUES('bc1f2500-4592-4864-8287-f65906a794c1','78a5fb56-8b9b-4f92-afdb-4f5956e2be34','035f723f-c8a7-4c33-9659-28b6bf10ce3e','5a34ed34-6db2-4a22-a4b3-777dc300391e','8a540de6-64ae-4879-bd85-e8b2311493b8','2024-12-17 07:38:52','2024-12-17 09:46:26','raman levulinic acid','cfa96dad-5a28-4b63-9c5a-e0c9aaf3fa4f','18947676-397d-432b-8b1c-b3b393280b0c');
INSERT INTO experiment VALUES('b8c2ab13-416f-4323-9a75-f7a2256751c5','78a5fb56-8b9b-4f92-afdb-4f5956e2be34','37cf4fa9-6530-40af-bb19-d98fd08f001f','5a34ed34-6db2-4a22-a4b3-777dc300391e','8a540de6-64ae-4879-bd85-e8b2311493b8','2024-12-17 07:38:55','2024-12-17 09:46:26','raman r-valerolactone','cfa96dad-5a28-4b63-9c5a-e0c9aaf3fa4f','18947676-397d-432b-8b1c-b3b393280b0c');
INSERT INTO experiment VALUES('22a26654-2eab-411d-8306-2cc80fa0f7ab','78a5fb56-8b9b-4f92-afdb-4f5956e2be34','74d8f1b7-a2fb-4666-a41f-c33e57698c0d','5a34ed34-6db2-4a22-a4b3-777dc300391e','8a540de6-64ae-4879-bd85-e8b2311493b8','2024-12-17 07:38:59','2024-12-17 09:46:26','raman d-lactic acid','cfa96dad-5a28-4b63-9c5a-e0c9aaf3fa4f','18947676-397d-432b-8b1c-b3b393280b0c');
INSERT INTO experiment VALUES('fef798d1-1d90-4a65-b394-3755ec713617','78a5fb56-8b9b-4f92-afdb-4f5956e2be34','6104491c-2b4e-4dac-ae26-ca36f9d495df','5a34ed34-6db2-4a22-a4b3-777dc300391e','8a540de6-64ae-4879-bd85-e8b2311493b8','2024-12-17 07:39:05','2024-12-17 09:46:26','raman l-lactic acid','cfa96dad-5a28-4b63-9c5a-e0c9aaf3fa4f','18947676-397d-432b-8b1c-b3b393280b0c');
INSERT INTO experiment VALUES('3c4228c5-7566-4c04-b5a3-e361e45033da','78a5fb56-8b9b-4f92-afdb-4f5956e2be34','e78ab8ca-17b9-4e12-9bd5-8ed1997727c0','5a34ed34-6db2-4a22-a4b3-777dc300391e','8a540de6-64ae-4879-bd85-e8b2311493b8','2024-12-17 07:39:09','2024-12-17 09:46:26','raman formic acid','cfa96dad-5a28-4b63-9c5a-e0c9aaf3fa4f','18947676-397d-432b-8b1c-b3b393280b0c');
INSERT INTO experiment VALUES('09515bb3-8468-4ddb-b469-a0c97f063683','78a5fb56-8b9b-4f92-afdb-4f5956e2be34','dde4107d-a1bb-45a1-8456-d778e32f9cea','5a34ed34-6db2-4a22-a4b3-777dc300391e','8a540de6-64ae-4879-bd85-e8b2311493b8','2024-12-17 07:39:13','2024-12-17 09:46:26','raman acetic acid','cfa96dad-5a28-4b63-9c5a-e0c9aaf3fa4f','18947676-397d-432b-8b1c-b3b393280b0c');
INSERT INTO experiment VALUES('14d04eee-946b-4a3d-894b-b9526d41b5aa','78a5fb56-8b9b-4f92-afdb-4f5956e2be34','9688057c-797d-417d-92f2-c56e4fa1d51a','5a34ed34-6db2-4a22-a4b3-777dc300391e','8a540de6-64ae-4879-bd85-e8b2311493b8','2024-12-17 07:39:17','2024-12-17 09:46:26','raman lactic acid','cfa96dad-5a28-4b63-9c5a-e0c9aaf3fa4f','18947676-397d-432b-8b1c-b3b393280b0c');
INSERT INTO experiment VALUES('ed320fa4-64c3-434f-8b19-fbe8b1064ad3','78a5fb56-8b9b-4f92-afdb-4f5956e2be34','537c289f-ac57-4d12-802d-240c39f97a83','5a34ed34-6db2-4a22-a4b3-777dc300391e','8a540de6-64ae-4879-bd85-e8b2311493b8','2024-12-17 07:40:20','2024-12-17 09:46:26','raman uric acid','cfa96dad-5a28-4b63-9c5a-e0c9aaf3fa4f','18947676-397d-432b-8b1c-b3b393280b0c');
INSERT INTO experiment VALUES('c1ef3a06-1944-4d9a-bc6c-a4b55fa824e2','78a5fb56-8b9b-4f92-afdb-4f5956e2be34','6a0c2b73-7f22-45f3-a92d-6326087abb0c','5a34ed34-6db2-4a22-a4b3-777dc300391e','8a540de6-64ae-4879-bd85-e8b2311493b8','2024-12-17 07:40:24','2024-12-17 09:46:27','raman calcium oxalate','cfa96dad-5a28-4b63-9c5a-e0c9aaf3fa4f','18947676-397d-432b-8b1c-b3b393280b0c');
INSERT INTO experiment VALUES('974badf2-a0e9-42b3-9fe6-4d0fe725bda6','78a5fb56-8b9b-4f92-afdb-4f5956e2be34','8da33dac-657f-41c9-a75d-bbcc3d28df31','5a34ed34-6db2-4a22-a4b3-777dc300391e','8a540de6-64ae-4879-bd85-e8b2311493b8','2024-12-17 07:40:27','2024-12-17 09:46:27','raman calcium phosphate','cfa96dad-5a28-4b63-9c5a-e0c9aaf3fa4f','18947676-397d-432b-8b1c-b3b393280b0c');
INSERT INTO experiment VALUES('5dd2153e-f798-4f0f-85ac-5d2427e59fb1','78a5fb56-8b9b-4f92-afdb-4f5956e2be34','9dd0bff5-1c66-4737-a086-bec1bf0f4f55','5a34ed34-6db2-4a22-a4b3-777dc300391e','8a540de6-64ae-4879-bd85-e8b2311493b8','2024-12-17 07:40:34','2024-12-17 09:46:27','raman uric acid [solid]','cfa96dad-5a28-4b63-9c5a-e0c9aaf3fa4f','18947676-397d-432b-8b1c-b3b393280b0c');
INSERT INTO experiment VALUES('5371059a-12d3-4b48-ab21-dafa44c2a4ca','78a5fb56-8b9b-4f92-afdb-4f5956e2be34','35978620-1f0c-4cb4-bf63-b213e022f05b','5a34ed34-6db2-4a22-a4b3-777dc300391e','8a540de6-64ae-4879-bd85-e8b2311493b8','2024-12-17 07:40:37','2024-12-17 09:46:27','raman calcium oxalate [solid]','cfa96dad-5a28-4b63-9c5a-e0c9aaf3fa4f','18947676-397d-432b-8b1c-b3b393280b0c');
INSERT INTO experiment VALUES('22b1c60c-b58b-49fb-aa07-b4d862b0c52c','78a5fb56-8b9b-4f92-afdb-4f5956e2be34','9709e016-8270-41a7-90c8-970086ff56fc','5a34ed34-6db2-4a22-a4b3-777dc300391e','8a540de6-64ae-4879-bd85-e8b2311493b8','2024-12-17 07:40:40','2024-12-17 09:46:27','raman calcium phosphate [solid]','cfa96dad-5a28-4b63-9c5a-e0c9aaf3fa4f','18947676-397d-432b-8b1c-b3b393280b0c');
INSERT INTO experiment VALUES('26a11704-a966-4db2-8100-ab5fda87c695','78a5fb56-8b9b-4f92-afdb-4f5956e2be34','5aede908-03f9-4a5c-8369-87a56916bec3','5a34ed34-6db2-4a22-a4b3-777dc300391e','8a540de6-64ae-4879-bd85-e8b2311493b8','2024-12-17 07:40:43','2024-12-17 09:46:27','raman dengue fever/df','cfa96dad-5a28-4b63-9c5a-e0c9aaf3fa4f','18947676-397d-432b-8b1c-b3b393280b0c');
INSERT INTO experiment VALUES('7c684ddb-8a83-4f8a-9eb9-01b75be6fe97','78a5fb56-8b9b-4f92-afdb-4f5956e2be34','106f8805-b794-4414-90d5-eff9be42ac22','5a34ed34-6db2-4a22-a4b3-777dc300391e','8a540de6-64ae-4879-bd85-e8b2311493b8','2024-12-17 07:40:47','2024-12-17 09:46:27','raman dengue hemorrhagic fever/dhf','cfa96dad-5a28-4b63-9c5a-e0c9aaf3fa4f','18947676-397d-432b-8b1c-b3b393280b0c');
INSERT INTO experiment VALUES('c0113efa-6cf5-45d2-a21d-dd2f570ecfc6','78a5fb56-8b9b-4f92-afdb-4f5956e2be34','7ba961ac-f028-4857-b776-5226d2b25db7','5a34ed34-6db2-4a22-a4b3-777dc300391e','8a540de6-64ae-4879-bd85-e8b2311493b8','2024-12-17 07:40:51','2024-12-17 09:46:27','raman paracetamol','cfa96dad-5a28-4b63-9c5a-e0c9aaf3fa4f','18947676-397d-432b-8b1c-b3b393280b0c');
INSERT INTO experiment VALUES('0c49bc17-7dcb-4a73-8ff3-280e216cb301','78a5fb56-8b9b-4f92-afdb-4f5956e2be34','4e69e33b-5ecd-4b58-b71e-aaf8e6fd2263','5a34ed34-6db2-4a22-a4b3-777dc300391e','8a540de6-64ae-4879-bd85-e8b2311493b8','2024-12-17 07:40:56','2024-12-17 09:46:27','raman diclofenac','cfa96dad-5a28-4b63-9c5a-e0c9aaf3fa4f','18947676-397d-432b-8b1c-b3b393280b0c');
INSERT INTO experiment VALUES('b0ef47e8-1b04-4014-954b-4b5846aa1faa','78a5fb56-8b9b-4f92-afdb-4f5956e2be34','99342a07-c46f-47c5-938e-22c4bacc1d7b','5a34ed34-6db2-4a22-a4b3-777dc300391e','8a540de6-64ae-4879-bd85-e8b2311493b8','2024-12-17 07:41:01','2024-12-17 09:46:27','raman ibuprofen','cfa96dad-5a28-4b63-9c5a-e0c9aaf3fa4f','18947676-397d-432b-8b1c-b3b393280b0c');
INSERT INTO experiment VALUES('7a419d3e-62d0-4631-88b0-0c074b09bca6','78a5fb56-8b9b-4f92-afdb-4f5956e2be34','2bfb0ebe-1274-4782-8733-35286ddaa7f5','5a34ed34-6db2-4a22-a4b3-777dc300391e','8a540de6-64ae-4879-bd85-e8b2311493b8','2024-12-17 07:41:40','2024-12-17 09:46:27','raman graphene/si','cfa96dad-5a28-4b63-9c5a-e0c9aaf3fa4f','18947676-397d-432b-8b1c-b3b393280b0c');
INSERT INTO experiment VALUES('961b2ee5-da58-4278-967a-25a7c5087550','78a5fb56-8b9b-4f92-afdb-4f5956e2be34','41abcc40-1119-44c8-9041-3b8f6aad7937','5a34ed34-6db2-4a22-a4b3-777dc300391e','8a540de6-64ae-4879-bd85-e8b2311493b8','2024-12-17 07:41:43','2024-12-17 09:46:27','raman graphene/cu','cfa96dad-5a28-4b63-9c5a-e0c9aaf3fa4f','18947676-397d-432b-8b1c-b3b393280b0c');
INSERT INTO experiment VALUES('89729dff-d83e-49b7-9e07-0834a87c46ec','78a5fb56-8b9b-4f92-afdb-4f5956e2be34','2ebc3483-4fba-44b5-aa99-c2d6e8863f6f','5a34ed34-6db2-4a22-a4b3-777dc300391e','8a540de6-64ae-4879-bd85-e8b2311493b8','2024-12-17 07:41:46','2024-12-17 09:46:27','raman graphene/ni','cfa96dad-5a28-4b63-9c5a-e0c9aaf3fa4f','18947676-397d-432b-8b1c-b3b393280b0c');
INSERT INTO experiment VALUES('983fe5e5-92f4-480a-8b73-6d9acc2178c5','78a5fb56-8b9b-4f92-afdb-4f5956e2be34','270df307-98cd-40c6-b3c2-3a8220395d0b','5a34ed34-6db2-4a22-a4b3-777dc300391e','8a540de6-64ae-4879-bd85-e8b2311493b8','2024-12-17 07:41:49','2024-12-17 09:46:27','raman graphene/sog','cfa96dad-5a28-4b63-9c5a-e0c9aaf3fa4f','18947676-397d-432b-8b1c-b3b393280b0c');
INSERT INTO experiment VALUES('8ff441d2-c4b7-449b-beab-f9556c460850','78a5fb56-8b9b-4f92-afdb-4f5956e2be34','41e17025-4534-4dbb-adc5-85415b208f0c','5a34ed34-6db2-4a22-a4b3-777dc300391e','8a540de6-64ae-4879-bd85-e8b2311493b8','2024-12-17 07:41:52','2024-12-17 09:46:27','raman polyimide','cfa96dad-5a28-4b63-9c5a-e0c9aaf3fa4f','18947676-397d-432b-8b1c-b3b393280b0c');
INSERT INTO experiment VALUES('dd1a2f7a-8cde-4214-9263-47dc05e73feb','78a5fb56-8b9b-4f92-afdb-4f5956e2be34','bac17d55-145e-4b4f-b017-8476d0f3d91f','5a34ed34-6db2-4a22-a4b3-777dc300391e','8a540de6-64ae-4879-bd85-e8b2311493b8','2024-12-17 07:41:55','2024-12-17 09:46:27','raman pdms','cfa96dad-5a28-4b63-9c5a-e0c9aaf3fa4f','18947676-397d-432b-8b1c-b3b393280b0c');
INSERT INTO experiment VALUES('6c0634db-a707-424b-a100-d6f33b70c1a2','78a5fb56-8b9b-4f92-afdb-4f5956e2be34','12164e80-42d6-4f6e-9a81-bd7289bcf5ee','5a34ed34-6db2-4a22-a4b3-777dc300391e','8a540de6-64ae-4879-bd85-e8b2311493b8','2024-12-17 07:41:59','2024-12-17 09:46:27','raman boron','cfa96dad-5a28-4b63-9c5a-e0c9aaf3fa4f','18947676-397d-432b-8b1c-b3b393280b0c');
INSERT INTO experiment VALUES('aa8626d7-5f16-4d6c-9a6f-442a9c9d8a1c','78a5fb56-8b9b-4f92-afdb-4f5956e2be34','d2e1066c-5b77-4906-b229-9756ea3fe8b9','5a34ed34-6db2-4a22-a4b3-777dc300391e','8a540de6-64ae-4879-bd85-e8b2311493b8','2024-12-17 07:42:03','2024-12-17 09:46:27','raman natural rubber','cfa96dad-5a28-4b63-9c5a-e0c9aaf3fa4f','18947676-397d-432b-8b1c-b3b393280b0c');
INSERT INTO experiment VALUES('0468a1e2-3d12-4474-94cc-e582997a1639','78a5fb56-8b9b-4f92-afdb-4f5956e2be34','67467c7c-85ba-44d1-922e-5b7c78cdf7a6','5a34ed34-6db2-4a22-a4b3-777dc300391e','8a540de6-64ae-4879-bd85-e8b2311493b8','2024-12-17 07:42:08','2024-12-17 09:46:27','raman go','cfa96dad-5a28-4b63-9c5a-e0c9aaf3fa4f','18947676-397d-432b-8b1c-b3b393280b0c');
INSERT INTO experiment VALUES('447ce2a5-fba2-4edc-b7aa-b160906330dd','78a5fb56-8b9b-4f92-afdb-4f5956e2be34','5014ec48-d388-46ac-a87c-85a145624d51','5a34ed34-6db2-4a22-a4b3-777dc300391e','8a540de6-64ae-4879-bd85-e8b2311493b8','2024-12-17 07:42:12','2024-12-17 09:46:27','raman rgo','cfa96dad-5a28-4b63-9c5a-e0c9aaf3fa4f','18947676-397d-432b-8b1c-b3b393280b0c');
INSERT INTO experiment VALUES('dd3ea0bf-ee65-4f1a-9a58-faca4a9cd3f4','78a5fb56-8b9b-4f92-afdb-4f5956e2be34','9ac4a243-bf3d-4244-8254-c18f150d1e65','5a34ed34-6db2-4a22-a4b3-777dc300391e','8a540de6-64ae-4879-bd85-e8b2311493b8','2024-12-17 07:42:23','2024-12-17 09:46:27','raman mxene','cfa96dad-5a28-4b63-9c5a-e0c9aaf3fa4f','18947676-397d-432b-8b1c-b3b393280b0c');
INSERT INTO experiment VALUES('c9929142-96b9-411a-93fc-7542bdbc7fd5','78a5fb56-8b9b-4f92-afdb-4f5956e2be34','32403490-1666-4e08-b41c-355bce49c824','5a34ed34-6db2-4a22-a4b3-777dc300391e','8a540de6-64ae-4879-bd85-e8b2311493b8','2024-12-17 07:42:27','2024-12-17 09:46:27','raman antimony','cfa96dad-5a28-4b63-9c5a-e0c9aaf3fa4f','18947676-397d-432b-8b1c-b3b393280b0c');
INSERT INTO experiment VALUES('3626ef10-5e02-46d4-a9c3-4ebaebd2417d','78a5fb56-8b9b-4f92-afdb-4f5956e2be34','ef91b5e7-644d-4597-8ced-bdf1bee25ece','5a34ed34-6db2-4a22-a4b3-777dc300391e','8a540de6-64ae-4879-bd85-e8b2311493b8','2024-12-17 07:42:30','2024-12-17 09:46:27','raman graphene','cfa96dad-5a28-4b63-9c5a-e0c9aaf3fa4f','18947676-397d-432b-8b1c-b3b393280b0c');
INSERT INTO experiment VALUES('db2cf03b-6e6f-4f90-9fd0-7f93107a7f06','78a5fb56-8b9b-4f92-afdb-4f5956e2be34','3d7bfe57-348f-438f-8d5e-f94287a359e1','5a34ed34-6db2-4a22-a4b3-777dc300391e','8a540de6-64ae-4879-bd85-e8b2311493b8','2024-12-17 07:42:34','2024-12-17 09:46:27','raman rgo [powder]','cfa96dad-5a28-4b63-9c5a-e0c9aaf3fa4f','18947676-397d-432b-8b1c-b3b393280b0c');
INSERT INTO experiment VALUES('ff9a9b8a-91ee-490b-907d-1b3f52aa67fd','78a5fb56-8b9b-4f92-afdb-4f5956e2be34','dc298396-ada5-4f0d-9f84-f2277e369eca','5a34ed34-6db2-4a22-a4b3-777dc300391e','8a540de6-64ae-4879-bd85-e8b2311493b8','2024-12-17 07:42:38','2024-12-17 09:46:27','raman polypropylene','cfa96dad-5a28-4b63-9c5a-e0c9aaf3fa4f','18947676-397d-432b-8b1c-b3b393280b0c');
INSERT INTO experiment VALUES('7f118f9c-be66-4256-a233-f01685ecd756','78a5fb56-8b9b-4f92-afdb-4f5956e2be34','18fc75f8-e674-4ad6-acdb-5f4c497c8327','5a34ed34-6db2-4a22-a4b3-777dc300391e','8a540de6-64ae-4879-bd85-e8b2311493b8','2024-12-17 07:42:41','2024-12-17 09:46:27','raman silicon wafer','cfa96dad-5a28-4b63-9c5a-e0c9aaf3fa4f','18947676-397d-432b-8b1c-b3b393280b0c');
CREATE TABLE IF NOT EXISTS "measurement" ("id" varchar PRIMARY KEY NOT NULL, "name" varchar NOT NULL, "experimentId" varchar, "attachmentName" varchar NOT NULL, "attachmentSize" integer NOT NULL, "attachmentMimetype" varchar NOT NULL, "attachmentFileext" varchar NOT NULL, "spectrumDescription" varchar, "remark" varchar, "create_at" datetime NOT NULL DEFAULT (datetime('now')), "update_at" datetime DEFAULT (datetime('now')), "raman" json, CONSTRAINT "UQ_f3830901efcf428caf3e6a4f0df" UNIQUE ("name"), CONSTRAINT "FK_6b6e4936818d76b783b18ff5ac6" FOREIGN KEY ("experimentId") REFERENCES "experiment" ("id") ON DELETE NO ACTION ON UPDATE NO ACTION);
INSERT INTO measurement VALUES('b8e387ac-5e08-4ae5-9f93-9b0736e61bdb','raman 4-MBA (,,,Ag)(532nm,10pct,10s,5x,1)','bcf3a00f-0811-4cc4-a85f-0c13340d327a','40d9a6ca-eb40-44fe-90ef-fb1e193e722d.txt',24922,'text/plain','txt',NULL,NULL,'2024-12-23 08:33:51','2024-12-23 08:33:51','{"measurementCondition":{"accumulations":1,"waveLength":"532nm","laserPower":"10%","exposureTime":"10s","lens":"5x"},"measurementTechnique":{"sers":{"chip":null,"nanoparticles":null,"papers":null,"other":"Ag"}},"typeData":"single"}');
INSERT INTO measurement VALUES('679b9e96-d280-4f27-93e2-e6764c2991bd','raman 4-MBA (,,,Ag-Au alloy)(532nm,10pct,10s,5x,1)','bcf3a00f-0811-4cc4-a85f-0c13340d327a','bd31750d-d92d-4fe3-a671-e3f38337fdc5.txt',24906,'text/plain','txt',NULL,NULL,'2024-12-24 03:35:48','2024-12-24 03:35:48','{"measurementCondition":{"accumulations":1,"waveLength":"532nm","laserPower":"10%","exposureTime":"10s","lens":"5x"},"measurementTechnique":{"sers":{"chip":null,"nanoparticles":null,"papers":null,"other":"Ag-Au alloy"}},"typeData":"single"}');
INSERT INTO measurement VALUES('52eb28eb-1e46-4ff6-bb1c-be9cd70d2fd5','raman 4-MBA (,,,Ag-Au Dealloy)(532nm,10pct,10s,5x,1)','bcf3a00f-0811-4cc4-a85f-0c13340d327a','20fe6d0d-4395-42ed-8144-c1fa7f574131.txt',23276,'text/plain','txt',NULL,NULL,'2024-12-24 03:37:27','2024-12-24 03:37:27','{"measurementCondition":{"accumulations":1,"waveLength":"532nm","laserPower":"10%","exposureTime":"10s","lens":"5x"},"measurementTechnique":{"sers":{"chip":null,"nanoparticles":null,"papers":null,"other":"Ag-Au Dealloy"}},"typeData":"single"}');
INSERT INTO measurement VALUES('e35058e6-028d-461a-be4c-bc5a2fb25f38','raman crystal violet (,,,Ag-Au alloy)(532nm,0.100pct,10s,5x,1)','1f561d12-d4f8-48cb-a0f6-2823b3438a26','b31916bf-9fd5-461a-ab4a-7722fb3d5070.txt',51732,'text/plain','txt',NULL,NULL,'2024-12-24 03:40:14','2024-12-24 03:59:08','{"measurementCondition":{"waveLength":"532nm","laserPower":"0.100%","exposureTime":"10s","lens":"5x","accumulations":1},"measurementTechnique":{"sers":{"chip":null,"nanoparticles":null,"papers":null,"other":"Ag-Au alloy"}},"typeData":"mapping"}');
INSERT INTO measurement VALUES('78f2c5df-d704-49c4-8c9b-10b1531cb073','raman r6g (,,,Ag-Au alloy)(532nm,0.0001pct,10s,50x,1)','d112dd5c-cb6e-4485-9cef-052edb3449d5','79fbb101-38ef-4fc8-a7fb-14632fb5f0f6.txt',22903,'text/plain','txt',NULL,NULL,'2024-12-24 06:42:15','2024-12-24 06:42:15','{"measurementCondition":{"accumulations":1,"waveLength":"532nm","laserPower":"0.0001%","exposureTime":"10s","lens":"50x"},"measurementTechnique":{"sers":{"chip":null,"nanoparticles":null,"papers":null,"other":"Ag-Au alloy"}},"typeData":"single"}');
INSERT INTO measurement VALUES('62a8650f-292a-417b-b911-6d9b5ffb054a','raman citric acid (,,,)(785nm,100pct,10s,5x,1)','8267f3ae-1298-442c-83ce-442e633c2ec2','dee6cac4-bc75-4bdb-84d0-28ac8d34d2db.txt',78705,'text/plain','txt',NULL,NULL,'2024-12-24 06:42:50','2024-12-24 06:42:50','{"measurementCondition":{"accumulations":1,"waveLength":"785nm","laserPower":"100%","exposureTime":"10s","lens":"5x"},"measurementTechnique":{"sers":{"chip":null,"nanoparticles":null,"papers":null,"other":null}},"typeData":"single"}');
INSERT INTO measurement VALUES('f1e03b48-96ed-41d5-9ea6-73433bd82ae5','raman r6g (1×10-5 m) (Onspec Prime,,,)(785nm,10pct,10s,5x,1)','7828a4bd-6781-402d-be79-95902b1cd65f','526e0011-161d-4eb0-94c6-6a541e2a10dc.txt',4213998,'text/plain','txt',NULL,NULL,'2024-12-24 06:43:58','2024-12-24 06:43:58','{"measurementCondition":{"accumulations":1,"waveLength":"785nm","laserPower":"10%","exposureTime":"10s","lens":"5x"},"measurementTechnique":{"sers":{"chip":"Onspec Prime","nanoparticles":null,"papers":null,"other":null}},"typeData":"mapping"}');
CREATE TABLE IF NOT EXISTS "download" ("id" varchar PRIMARY KEY NOT NULL, "create_at" datetime NOT NULL DEFAULT (datetime('now')), "experimentId" varchar, "userId" varchar, CONSTRAINT "FK_ccb403e6acb0b40c7740af652cc" FOREIGN KEY ("experimentId") REFERENCES "experiment" ("id") ON DELETE NO ACTION ON UPDATE NO ACTION, CONSTRAINT "FK_9d13a8323fab9297788961ec6cc" FOREIGN KEY ("userId") REFERENCES "user" ("id") ON DELETE NO ACTION ON UPDATE NO ACTION);
INSERT INTO download VALUES('0ad497a2-7109-4615-aa84-9f70c56d710a','2024-12-26 04:33:16','bcf3a00f-0811-4cc4-a85f-0c13340d327a','78a5fb56-8b9b-4f92-afdb-4f5956e2be34');
INSERT INTO download VALUES('b037e75c-aa53-462d-ab7f-9bffe9e1f199','2024-12-26 04:35:45','bcf3a00f-0811-4cc4-a85f-0c13340d327a','78a5fb56-8b9b-4f92-afdb-4f5956e2be34');
INSERT INTO download VALUES('197be46a-78a2-416b-b29e-24665b52a9cd','2024-12-26 11:02:49','bcf3a00f-0811-4cc4-a85f-0c13340d327a','78a5fb56-8b9b-4f92-afdb-4f5956e2be34');
INSERT INTO download VALUES('c241d573-0658-4e54-9ec3-c8a001b87497','2025-01-02 09:02:20','7828a4bd-6781-402d-be79-95902b1cd65f','78a5fb56-8b9b-4f92-afdb-4f5956e2be34');
DELETE FROM sqlite_sequence;
INSERT INTO sqlite_sequence VALUES('migrations',35);
COMMIT;
